-- MySQL dump 10.13  Distrib 5.7.18, for Linux (x86_64)
--
-- Host: localhost    Database: blog
-- ------------------------------------------------------
-- Server version	5.7.18-1

/*!40101 SET @OLD_CHARACTER_SET_CLIENT=@@CHARACTER_SET_CLIENT */;
/*!40101 SET @OLD_CHARACTER_SET_RESULTS=@@CHARACTER_SET_RESULTS */;
/*!40101 SET @OLD_COLLATION_CONNECTION=@@COLLATION_CONNECTION */;
/*!40101 SET NAMES utf8 */;
/*!40103 SET @OLD_TIME_ZONE=@@TIME_ZONE */;
/*!40103 SET TIME_ZONE='+00:00' */;
/*!40014 SET @OLD_UNIQUE_CHECKS=@@UNIQUE_CHECKS, UNIQUE_CHECKS=0 */;
/*!40014 SET @OLD_FOREIGN_KEY_CHECKS=@@FOREIGN_KEY_CHECKS, FOREIGN_KEY_CHECKS=0 */;
/*!40101 SET @OLD_SQL_MODE=@@SQL_MODE, SQL_MODE='NO_AUTO_VALUE_ON_ZERO' */;
/*!40111 SET @OLD_SQL_NOTES=@@SQL_NOTES, SQL_NOTES=0 */;

--
-- Table structure for table `article_article`
--

DROP TABLE IF EXISTS `article_article`;
/*!40101 SET @saved_cs_client     = @@character_set_client */;
/*!40101 SET character_set_client = utf8 */;
CREATE TABLE `article_article` (
  `id` int(11) NOT NULL AUTO_INCREMENT,
  `title` varchar(30) NOT NULL,
  `content` longtext NOT NULL,
  `createTime` datetime(6) NOT NULL,
  `modifyTime` datetime(6) NOT NULL,
  `clickNums` int(11) NOT NULL,
  `pic` varchar(100) NOT NULL,
  `isShow` tinyint(1) NOT NULL,
  `category_id` int(11) NOT NULL,
  PRIMARY KEY (`id`),
  UNIQUE KEY `title` (`title`),
  KEY `article_article_category_id_36b3c456_fk_article_category_id` (`category_id`),
  CONSTRAINT `article_article_category_id_36b3c456_fk_article_category_id` FOREIGN KEY (`category_id`) REFERENCES `article_category` (`id`)
) ENGINE=InnoDB AUTO_INCREMENT=17 DEFAULT CHARSET=utf8;
/*!40101 SET character_set_client = @saved_cs_client */;

--
-- Dumping data for table `article_article`
--

LOCK TABLES `article_article` WRITE;
/*!40000 ALTER TABLE `article_article` DISABLE KEYS */;
INSERT INTO `article_article` VALUES (1,'django admin定制（使用django-suit)','```\r\n环境：django2，python3\r\nOS:linux系统(deepin)\r\nIDE:pycharm\r\n```\r\n\r\n越使用django越觉得django的admin不好看，可能是审美疲劳，就想换个界面，还不想自己写，找到了一个很好用的django-suit\r\n\r\ndjango扩展能力还是挺强的，有牛人开发出了suit这个插件。只需要简单的几步配置，就可以让admin后台变得美观许多。\r\n\r\n先看效果，我的个人博客后台界面，如下图\r\n![](/upload/editor/20180713162948941_20180714170258968155.png)\r\n\r\n那么，要怎么做呢？\r\n\r\n1：首先是安装(注：最好不要安装最新的版本，默认是老版本)\r\n```\r\npip install django-suit\r\n```\r\n2：接下来做一些配置工作\r\n在settings.py中，INSTALLED_APPS里面第一行加入’suit’（suit必须放在\'django.contrib.admin\'这一行的前面，否则服务启动后admin会加载默认admin界面）。之后，如果你的django版本在1.9以下，需要加入：\r\n```\r\nfrom django.conf.global_settings import TEMPLATE_CONTEXT_PROCESSORS as TCP\r\n\r\nTEMPLATE_CONTEXT_PROCESSORS = TCP + (\r\n    \'django.core.context_processors.request\',\r\n)\r\n```\r\n\r\n如果是1.9以上（包含1.9），需要对TEMPLATES进行修改，加入一行：\r\n复制代码\r\n```\r\nTEMPLATES = [\r\n    {\r\n        \'BACKEND\': \'django.template.backends.django.DjangoTemplates\',\r\n        \'DIRS\': [],\r\n        \'APP_DIRS\': True,\r\n        \'OPTIONS\': {\r\n            \'context_processors\': [\r\n                \'django.template.context_processors.debug\',\r\n                \'django.template.context_processors.request\',    # <-需要这一行\r\n                \'django.contrib.auth.context_processors.auth\',\r\n                \'django.contrib.messages.context_processors.messages\',\r\n            ],\r\n        },\r\n    },\r\n]\r\n```\r\n\r\n据说suit在admin里设置时间的一个小bug。在settings.py中需要把时间格式指定一下，同时设置时区和语言\r\n\r\n```\r\nLANGUAGE_CODE = \'zh-Hans\'\r\n\r\nTIME_ZONE = \'Asia/Shanghai\'\r\n\r\nUSE_I18N = True\r\n\r\nUSE_L10N = True\r\n\r\nUSE_TZ = False  #设置为上海时间时关掉\r\n\r\nDATETIME_FORMAT = \'Y-m-d H:i:s\'\r\nDATE_FORMAT = \'Y-m-d\'\r\n```\r\n3：其他的编写models模型，在admin.py注册models，同步数据库，创建超级管理员与正常的一样，就不写了，项目运行后进入后台可以直接看到效果','2018-07-14 17:03:51.663357','2018-07-14 17:03:51.663391',0,'pic_img/9af6eacff4464fa797be5cacb9ca35a3.gif',1,1),(2,'Django2.0整合markdown编辑器并实现代码高亮','```\r\n测试成功环境： \r\npython：3.5.4 \r\nos：Deepin 15.5 \r\nDjango：2.0 \r\nIDE：pycharm\r\n```\r\n\r\n#Django整合django-mdeditor\r\n注：博主再写个人博客时，找了好久的编辑器，tinymce丑的一批，DjangoUeditor我没有做出来实时预览的效果，只有这个看着比较好，一是有普通编辑器具备的大部分功能，二是属于主流的markdown语法，比较适合使用，三是可以实时预览。。最主要的还是比较容易添加到admin界面\r\n\r\n1.安装django-mdeditor\r\n```\r\npip install django-mdeditor\r\n```\r\n2.在项目的settings.py的INSTALLED_APPS中添加\'mdeditor\', \r\n![](/upload/editor/2018071315380941_20180714170426628043.png)\r\n\r\n3:添加路径到设置中\r\n```\r\nMEDIA_ROOT = os.path.join(BASE_DIR, \'uploads\')	#uploads必须存在，且在项目目录下\r\nMEDIA_URL = \'/media/\'	#你上传的文件和图片会默认存在/uploads/editor下\r\n```\r\n\r\n4：添加设置到你的url中\r\n```\r\nfrom django.conf.urls import url, include\r\nfrom django.conf.urls.static import static\r\nfrom django.conf import settings\r\nfrom django.contrib import admin\r\nfrom django.urls import path\r\n\r\nurlpatterns = [\r\n    path(\'admin/\',admin.site.urls),\r\n    url(r\'mdeditor/\', include(\'mdeditor.urls\')),\r\n]\r\n\r\nif settings.DEBUG:\r\n    # static files (images, css, javascript, etc.)\r\n    urlpatterns += static(settings.MEDIA_URL, document_root=settings.MEDIA_ROOT)\r\n```\r\n5.添加一个app\r\n```\r\npython manage.py startapp article\r\n```\r\n打开Test，在models.py中添加\r\n```\r\nfrom django.db import models\r\nfrom mdeditor.fields import MDTextField	#必须导入\r\n\r\nclass Article(models.Model):\r\n    name = models.CharField(max_length=10)\r\n    content = MDTextField()    #注意为MDTextField()\r\n```\r\n6:在Blog/admin.py中注册\r\n```\r\nfrom django.contrib import admin\r\n\r\n# Register your models here.\r\nfrom Blog.models import *\r\n\r\nadmin.site.register(Article)\r\n```\r\n7:效果如下：（注：因为我觉得django自带的admin不太好看，所以后台使用了django-suit替换掉了默认的admin界面，所以看起来不太一样，如果你也修改admin界面的话，可以看我另一篇文章）\r\n![](/upload/editor/20180713155509660_20180714170519035430.png)\r\n\r\n还支持全屏编写，并实时预览，全屏效果如下\r\n![](/upload/editor/20180713154719503_20180714170543144263.png)\r\n\r\n----------\r\n\r\n\r\n到了这个时候，后台的界面已经整合markdown编辑器完毕，可能有需要在前端界面显示出来，虽然没什么难度，但还是再写写\r\n\r\n8：如果需要在前台显示的话，可以在view.py获取到数据库的数据后，使用markdown.markdown()修饰为html语句，然后传到前端显示\r\n\r\n注：使用markdown.markdown()必须先安装markdown\r\n```\r\npip install markdown\r\n```\r\n\r\n```\r\n在view.py中导入包 import markdown\r\n```\r\n\r\n如图所示：\r\n![](/upload/editor/1_20180714170613487946.png)\r\n\r\n代码解释(注：解释是在百度上找的，其实直接加上就行了，不用知道啥意思)：这样我们在模板中展示 {{ article.content }} 的时候，就不再是原始的 Markdown 文本了，而是渲染过后的 HTML 文本。注意这里我们给 markdown 渲染函数传递了额外的参数 extensions，它是对 Markdown 语法的拓展，这里我们使用了三个拓展，分别是 extra、codehilite、toc。extra 本身包含很多拓展，而 codehilite 是语法高亮拓展，这为我们后面的实现代码高亮功能提供基础，而 toc 则允许我们自动生成目录。\r\n\r\n\r\n在前端显示时必须使用safe过滤器，如下图\r\n![](/upload/editor/2_20180714170639154599.png)\r\n\r\n前端效果如下（注：只是前面这些操作，代码都是一个颜色，并不会高亮的，如果想做到代码高亮，接着向下看）\r\n![](/upload/editor/33_20180714170702866087.png)\r\n\r\n9：实现代码高亮\r\n首先我们需要安装 Pygments，激活虚拟环境，运行下面的命令安装即可。\r\n```\r\npip install Pygments \r\n```\r\n\r\n运行如下命令\r\n```\r\npygmentize -S default -f html -a .codehilite > code.css\r\n```\r\n在文件夹下会发现生成了code.css文件，将这个css文件加入到你的static文件夹下css里面(路径自己定，只要用的时候引入正确就行了)\r\n\r\n最后一步在需要高亮的html文件里面导入刚刚生成的css文件，例如我的是\r\n```\r\n<link rel=\"stylesheet\" type=\"text/css\" href=\"{% static \'css/code.css\' %}\">  {#语法高亮#}\r\n```\r\n前面的markdown下必须加入 \'markdown.extensions.codehilite\'高亮效果才会生效\r\n```\r\n extensions=[\r\n              \'markdown.extensions.extra\',\r\n               \'markdown.extensions.codehilite\',\r\n               \'markdown.extensions.toc\',\r\n           ])\r\n```\r\n![](/upload/editor/34_20180714170741953006.png)\r\n\r\n刷新前台，显示代码已经高亮。\r\n![](/upload/editor/33_20180714170756858647.png)','2018-07-14 17:08:25.787157','2018-08-02 21:44:01.156851',2,'pic_img/122.jpg',1,1),(3,'关于你，我有太多东西关于你','关于你\r\n\r\n　　 关于你，我有太多东西关于你。\r\n\r\n　　 清醒的时候放不下矜持，不敢说我喜欢你，只有在某个夜晚多愁善感又萦绕在心头，或是朋友聚会上的大醉，才敢借着情绪说，我喜欢你，喜欢了好久好久。\r\n\r\n　　关于你，2012年的九月，那是我们认识的季节，在四十多平米的教室里，我认识了你。我们是同学，彼此都还不熟悉的同学。那一句个子还高嘛，是我关注你的开始，有意无意的从四组向一组瞟你，小心翼翼的眼神怕你发现，却又怕你不明白，一点点的喜欢不敢声张。后来的打过来骂过去，后来聊天的默契，互道的晚安，才明白原来就是喜欢，没有其他。确定是喜欢，可是还是不敢声张。只因当初在人群中你说了一句，从此，你便住在了心里。不敢轻易靠近打扰，是怕自己扰了你的生活步调；不敢轻易对你开口言爱，是怕那样做是一种冒犯，是一种伤害我们关系的因素。\r\n\r\n　　 关于你。就是因为我的害怕，我亲眼看你走向她。我喜欢你是事实，你有女朋友也是事实。我以为我不说出口就会保持这样的朋友关系，却还是她赶了个巧，那应该是个寒假，你有女朋友了，我还是听说，我那么爱，却还是无果。于是我和她之间就莫名其妙的就多少有了敌人的感觉，或许就是别人口中的那样，世界上完全不相干的两个女人，会因为一个男人要么很友好，要么是仇恨。关于她我做不到友好，但也不是仇恨，只是你选择了她，我就希望她好好爱你，照顾你，连我的份也一起爱了。自爱上你的那天起，思念便成了戒不掉的瘾。你的一言一笑，一颦一蹙，无不牵动我的心，百千尘思，唯念一缕；万千红颜，唯恋一人。我愿意一生漂泊浪迹在你的故事里，甘愿为你鞍前马后，马首是瞻，即使你从未给我一句承诺，即使你从未给我半分爱情，依然无悔无怨。\r\n\r\n　　 关于你。一场高考，考散了我们，毕业了会不会就是终生最后一见，很高兴，我们不是。各奔东西了，你们继续上了大学，值得欣慰的是，你们也是异地，这样不能算是我心机，只能说是恰巧，你们的安排恰合我意。后来也有听说，她从她的城市去看你，而那时的我能说什么呢。她是真心爱你，这是事实。我也曾和闺蜜说过，一生至少该有一次，为了某个人而忘了自己，不求有结果，不求同行，不求曾经拥有，甚至不求你爱我，只求在我最美的年华里，遇到你。今生遇见你，我觉得是幸福的，尽管这幸福交杂着万般痛苦。我也曾幻想着悄悄地去到你的学校，在某个阳光明媚的下午，在你去教室的路上和你来场偶遇，精心准备的偶遇，。可是我还来不及去和你偶遇，你们就毕了业。爱是种很玄的东西，说不清，道不明，剪不断，理还乱。世上，有种爱明知没有结果，却依然坚守原地，不舍离去，哪怕握不住你的一丝余温，依然选择默默为你守候。一路来去，心门只为你独开，山城只为你独驻，白天只为你旖旎，黑夜只为你流连。因为爱你，哪怕心入住荒岛，还是会以最深情的眼神，看着你幸福。\r\n\r\n　　 关于你。一次聊天，我说我要回家了，你说你也要回家了，我没有想过在这个季节，我们会同在我们的城市，可是即使我们在同一个城市又怎样，最远的距离就是，我们在同一个城市却感觉离得如此遥远。突然听说你们分手了，我心里的感觉就连我自己也说不出来，我本应该高兴，可我却高兴不起来，四年，你们一路走来有分有和，算是真爱，为什么我会高兴不起来，大概是已经习惯了默默地喜欢着你，不求结果。我们也有说过要约，那晚终于约了，见面第一眼，真的此时的心情，我是很激动的，有欢喜的成分，也有些担心，担心的是我怕我不能把我最好的状态展现给你，更多的还是感动，能和你并肩走着，是上学时我想都不敢想的事情。如果我是风中的叶子，便希望能以最美的姿态落下，因为不想让你看到我的忧伤，也许是这世上的美，都有些苍凉，缘是云水深处无言的守候，是一纸素笺的暖，是光阴写意最美的诗行。我们围着公园绕了一圈，原以为会尴尬，会词穷，可是你一句我一句，我们沐浴在晚风中，我是享受这样的感觉，直到你送我到楼下，你要离开，多想给你一个拥抱，把我有多爱你告诉你。可是我还是没有，只是默默看着你离开的背影，在黑夜慢慢远去直到消失在拐角处。我多么希望，你能懂我沉默，懂我无声，懂我的欲言又止。有时你看不见我，是因为我悄悄藏在了你身后；有时你听不见我，是因为我偷偷用静默伪装了自己。其实我害怕寂寞，但却因为你会让自己陷进很深的寂寞；其实也害怕孤独，但因为你山高水远，而我又无能为力。纵然你有万事牵绊，只要你需要，我一定会义无反顾。\r\n\r\n　　 关于你。你说你要去当兵了，其实心里是一些欢喜，因为在部队，你可能不会喜欢上别人，而我就想抱着这种侥幸的心理等你，脱开了别人的束缚，不知道这次我算不算迟到，告诉你，我喜欢你，告诉你，我会等你，等你回来。你走的时候我可能不会去送你，但是你要告诉我你在哪个城市，我会去看你。\r\n\r\n　　 人生，有多少别离，就会有多少相逢，喧嚣的尘世，总有一些孤独的灵魂，走在寂寞的路上，爱你，便是一缕暗香，穿过茫茫人海，幽幽而来，如花间清露，润人心田。它静静地流淌在光阴中，让相见或不见，天涯或咫尺，都变成一场欣喜和期待。因为爱你，岁月，将不再写意迷茫；因为爱你，人生将不再枯燥；因为爱你，所有的千回百转都是值得。\r\n\r\n　　 关于你，我的岁月都关于你，从前是，现在是，以后是。','2018-07-14 17:09:15.093639','2018-07-14 17:09:15.093675',0,'pic_img/0204b0888c057edb854bd219cec46814.gif',1,2),(4,'我的幸福刚刚好','嫁给爱情，然后笑着结婚\r\n\r\n　　 最适合的彼此，不是一开始的一拍即合，而是愿意在未来漫长岁月中为彼此变成更好的两个人，爱情不存在天造地设的一对，只有彼此努力，成为适合我们的对方。\r\n\r\n　　 有些事情总是在自然的状态下发生，给我们惊喜，让我们铭记于心。好的爱情，是找个相互喜欢的人过一生，从喜到爱的让他陪你哭逗你笑，同享福共患难。从小房子住进大房子，从二人世界变成三口之家，并没有惊天动地，也没有恩怨情仇，就这样平平静静地把日子过成天长地久。就这样遇见一个人，如冬日暖阳，似暗夜星光。\r\n\r\n　　 在漫长的未来里，很多人在面临爱情到来的时候总是很迷茫，不知不觉就在半路迷路了，而我的爱情到婚姻，也是兜兜转转，就算绕一圈还是回到了对方的身边，转来转去，你还是我的。\r\n\r\n　　 终于，在几年后的一天，我们为达到父母心中想要的模样而绞尽脑汁各自做出行动，终于走在了一起，父母不在阻挠，就在我生日的那天，我们领证结婚了，那天下午我们都激动万分的进行着这个惊心动魄的时刻，出了大厅我的心还在怦然心动，一时不能平静。这是爱情的见证也是我们的一路不离不弃带来的成果。\r\n\r\n　　 那是春节前夕，他来到我家的时候，本来满心欢喜的想来给我父母说着我们的事，可我家偏偏都是古老传说，他一心接我去他家看看，多少有个了解，而父母却再三阻挠；后来他回去了，听他说的我担心他回去无法交差怕他陷入尴尬和不知所措，于是我就偷偷把父母手里我的证件给偷了出来，悄无声息的去了他家，他们亲友父母都很热情，我也很喜欢这种氛围，几天后我就打道回府，对这件事情当作没有发生，一直隐瞒到现在，直到我们已经结婚在一起有了爱的共体，虽然说没有很好的婚礼，可是我已经知足了，我只希望我们都能好好的在一起，有家有爱有幸福感其乐融融的日子，生活就充满温馨。喜欢是一朝一夕，爱是从心动到古稀，为你去做那些看似做不到的事情才弥足珍贵！\r\n\r\n　　 这个世界上总会有一个人，能读懂你说出的每句好的真意看透眉\r\n\r\n　　宇间的叹息，我们的深情用对了地方那他才有意义，终于，我们笑着结婚了，是嫁给了爱情也是合适，如今的我们心中各有彼此有牵挂，这辈子，我们融入了彼此的生命中，由我们各自的半辈子组成了两个\r\n\r\n　　人的一辈子，就这样组成了一个小家。也许在这个光怪陆离的社会，少有人可以将日子过的行云流水，但我依然相信，走过的山川大地平湖烟雨岁月山河，经历过那些困苦和劫数的人，会更加平阔而干净，而时间只是旁观，过程依然要自己一步一步的走来，所有的行径和结果都需要我们自己承担。\r\n\r\n　　 生活中不论是向爱的人，还是爱我的人表达一种爱意、谢意，我觉得会有很多种方式，不会局限于某一天或者某个特殊的日子，只要有爱心我们可以通过日常生活中的每一天、每一个细节把情与爱释放、传递给对方。生活中的爱应如春雨绵绵润物细无声，而不是夏日暴雨般的倾情。我们爱生活的每一天、爱身边的每一个人，情应如细流暖暖于心，爱应如炉火之温暖弥漫生活的空间，这才是婚姻生活中日子该有的局面，让爱变的炉火纯青海枯石烂。\r\n\r\n　　 当我们披荆斩棘获得现在的幸福，就会特别感激和庆幸，感激曾经我们是多么勇敢，庆幸我们曾经那么坚持；无论在何时何地，我们都能呢心照不宣的有着奇妙的默契。现在无论你想什么做什么说什么，就算穿过树林越过山岭，我都知道你不会离我而去！而你，终究是我的，我们依然要平淡的一起过一辈子，从老婆到老婆子。\r\n\r\n　　 最深的爱总是风雨兼程，最浓的情是冷暖与共，是感冒时候的一杯热水，是洗好晒干的衣被，是鸡毛蒜皮的争吵也是生气后还能给的一个拥抱……当浪漫褪去浓情渐退，柴米油盐的温暖才是最长情的告白。我们的爱情要承诺也需要彼此坚守，我们都珍惜着相互来了也没走的对方；愿我们年迈螨跚之时，阳光和你依然在。\r\n\r\n　　婚姻的凝聚力，组成我们爱的晶体\r\n\r\n　　 我们的努力不为别的，只为日后生活多一些选择，选择彼此喜欢的人有着云卷云舒的小日子；幸福往往是惊喜是喜出望外，当意外发现我们不知不觉间就做了父母，这种欣喜若狂的喜悦是难以言语的初衷。看到你喜乐开怀的样子，让我也瞬间觉得，我们的爱情到婚姻有了新的延续，不久之后就会成为三口之家，新生命的到来让我们又在前有的基础上迈出了一步，逐渐成熟理智的去看待和选择问题。我们会相互沟通，而不在是一个人的时候那样随意不顾忌。会更加懂得为这个家着想。有家有爱有情怀。\r\n\r\n　　 在喜悦过后小宝的到来让一个母亲突然觉得，喜悦和痛苦并存，爱和家同在，孕期的呕吐让人变得一发不可收拾，时而晴空万里，时而阴晴不定，慢慢的就开始母亲难以承受这种煎熬在难以忍受的一天虚脱了，发晕而住院治疗，不希望这种喜悦因为自己的难忍而有什么不好，所以在大的痛苦难受我都要必须承受着，为迎接这个小生命而坚强的忍过一小段的苦楚。\r\n\r\n　　 小生命的出现让你在现在的工作中累和幸福并存着，哪怕工作再苦再累，你却还是油然而生的洋溢着幸福感；很多时候，我突然想着，一定是特别的缘分，让我们走在一起还可以久处不厌的过着日子的精简，才能一路走来变成一家人。是你对我的体贴和爱的见证，是我对你的离不开和爱不离。用心去爱过的人，就算爱如夏花，哪怕只有半夏，也觉得心甘情愿了吧。\r\n\r\n　　 希望我们都能所向披靡，让今天雨冲刷昨日的忧虑，明天的太阳晒干今天的衣裳，吐纳生活中日子该有的待遇；我们为自己的三口之家而喜迎生命的延续。这是美好的希望，是属于我们的幸福，这也许就是平凡人生中最灿烂的风景。\r\n\r\n　　 终于，阳光驱散了所欲阴霾，带给我们的是万丈光芒。这辈子我们定会妙不可言灿若烟火的在生活中把日子过成我们想要的模样。愿你我历经风雨后依然笑容如初，爱情相逢婚姻依然真诚如故。\r\n\r\n　　幸福生活，无非是一种心情\r\n\r\n　　 我的生活，在婚姻的日子中逐渐步入正轨，也许是我们都还在这种幸福中，所以对生活而言，心情，应该是生活中缓解一切困苦的根源，没有什么大道理可言，过日子，就是一种心情， 只能用好的心情去生活，累也不说累，苦也不言苦。 幸福，或许正是体现在这“不说累”和“不言苦”当中……\r\n\r\n　　 我们每天都是平淡又散发着温馨，生活有了柴米油盐，你也有工作的烦心琐事，当听见你抱怨工作的那种心情，我体会了，因为这和生活一样，要有的是心情，至少在生活中你感受到的是日子散发的四季，你对现在的生活感到满足；如我做菜一般，在你眼里的没天赋，逐渐可以慢慢摸索到一丝的酸甜，油盐的操控，足以让寸手难铲一锅鲜，却还是能幸福的做着爱的菜品，哪怕咸味十足，糊掉无光。依然洋洋自得。\r\n\r\n　　 有时候也常常会累，偶尔的心情浮躁，甚至有时候因为听见一首歌把心情投入到歌里，而引起感慨陷入情绪；现实生活，却是在甩甩打打中过得简单而痛快，并没让哪种琐事牵拌着情绪过日子，也不会有太多杂七杂八的事乱了心绪，所以，生活有时候尽管会忙碌繁琐些，心却并不太累。生活，可能不是件简单的事， 也没有太多的一帆风顺，更没有太多的心想事成，有的，可能只是些随时可遇的“碰壁”……\r\n\r\n　　 日子，我发现真的就是个心情，如歌中所唱剧中上演的，或许会有点滴的情绪反射，却不是完全属于自己，在感慨过后，依然会回到自己的日子，无非就是一家老小和家庭工作，而一切的一切，最终无非都是在‘心情’之上。\r\n\r\n　　 人有时会在生活中一不小心就进入日子的魔道，给心里灌输了消极的欲望，导致了生活的唾弃。那或许是，在付出努力和艰苦后钞票没有乖乖地进入腰包；在奋发图强的寻找着突破事业的窗口时现实却并没成全；在肉体遭遇些病痛折磨而难以言喻；在亲人历经变故各奔东西上天入地；才发现明天依旧遥远……；\r\n\r\n　　 一切的一切 ………………\r\n\r\n　　 在种种的劫数平颈下，难免会有彷徨和失意，也许还好怨天尤人， 可是，有点情绪没关系，能在一种消极的情绪后及时的走出来，努力调整自己， 不让坏的情绪地久战人的心情，影响本可以开心和幸福的生活，那么生活依旧光鲜如新。过日子，调整心态，保持好心情是很重要的。不论多大困难挫折总会有雨过天晴的时候，所有埋怨和愤怒解决不了任何问题。要如书中所写：笑对人生，是一种积极的生活态度','2018-07-14 17:09:47.160895','2018-07-14 17:09:47.160947',0,'pic_img/25820ac55be142a8bec9fcfa9acf71de.gif',1,2),(5,'爱若放手，祝福依旧','爱若放手，祝福依旧\r\n\r\n　　文／伊人轻舞\r\n\r\n　　春色远走，风情长留。爱若放手，祝福依旧。\r\n\r\n　　 ——题记\r\n\r\n　　人都说，爱上一座城，是因为城中住着你爱的人。爱屋及乌自是不言而喻，每个人的生命中都会出现这样一个人，纵使尘满面，鬓如霜，也想要和他相伴到岁末晚景。我深信此画面曾被无数人精心描摹过，因为它是人们心里憧憬的最美的爱相逢。这个浪漫的“版图”，也是温暖与真挚包裹的纯粹感情，所刻画的一幅朴素人生。\r\n\r\n　　世间最理想的爱情，当然是两颗同心，一生相濡以沫。擦肩而过，只能说彼此情深缘浅。放手成全，可能给人感觉言过凄美，听着有些颇为冷情，可谁也不能否认这不是因为爱情。\r\n\r\n　　爱情是什么？我只能说是一种忘我的感觉，一种怡然心扉的情愫，它体现着爱情的完美纯度。 “遇一人白首，择一城终老”，人人心期遇见这样的尘缘，从此守候这种温暖。可生活并非是你以为的那么顺然，爱情也有难违的宿命。\r\n\r\n　　虽然在爱着的岁月里，谁都想远离苦情的日子，谁都想告别痛彻心扉的分手领悟，谁都喜欢让爱情的阳光，洒满心空。\r\n\r\n　　但爱情有时就是那么不可思议，有些人相爱时海誓山盟、琴瑟和鸣，却逃不开生活的细节，导致情源枯竭，爱因此无疾而终。有些人即便爱得肝肠寸断，到最后还是一人向左，一人向右。也有一些人，一路磕磕绊绊，分分合合，几度被所谓的爱情来回折腾，于风风雨雨里磨合几十年，甚至把所有的离歌全唱过，依然不改初心。类似这种戒不掉的疼痛，谁又能说这不是因为爱情？\r\n\r\n　　不管今生遇见了怎样的情缘，也无论爱与被爱，彼此能够遇见，就是上天注定好的缘份。被一个人吸引，首先看得是眼缘。 一但爱情使得彼此之间变成小心翼翼的撕扯，关心变成了束缚和互相伤害的导火索，放手或许是最明智的选择。爱情，从来没有配不配，有的只是适不适合。\r\n\r\n　　爱一个人，首先应该让他（她）快乐。对于一段情，能够温暖彼此心灵最重要，可以让彼此记住曾经的美好最难得。早就有人说，爱不是索取，不是占有。爱是给予，是奉献，是成全。\r\n\r\n　　一直喜欢《有一种爱叫做放手》的老歌，阿木用他沙哑的音色唱着：有一种爱叫做放手，为爱结束天长地久，我的离去若让你拥有所有，让真爱带我走说分手……\r\n\r\n　　这一段令听者撕心裂肺的副歌，每每回味，心中总会涌出不能自己的颤抖和感动……\r\n\r\n　　但凡天下的事，一般都能说得清。唯独爱，无法解释。有些爱，只是自己明了。有些行为，惟有自己懂得。也许有些人的爱情，就是开始浅喜后来才是深爱，这种感觉大概很多人都经历过。\r\n\r\n　　可能他（她）从不对你说，爱上你，具体是什么感觉。也不想告诉你，你的出现，消弭了他（她）之前对爱的一切困惑。更不想说，你于他（她），曾是人生深渊里唯一类似光的存在。尤其不想让你知道，某时某刻，你在城里，他（她）在城外，仅是带着祝福在此经过。\r\n\r\n　　有位名人说，未经失意，不懂人生。未经失恋，不懂爱情。\r\n\r\n　　爱情就像是一场没有角本的演出，没有台词，没有彩排，相爱的人都是主角。我们深知，爱上，是一个人的事儿。相爱，却是两个人的事儿。爱与不爱，深爱或浅爱，是自己的事儿。珍不珍惜，放不放手，取决于爱到对方何种成度。\r\n\r\n　　有时候放手，并非意味着不爱，反而是深爱的一种表现。就如歌里唱的这样：\r\n\r\n　　如果你对天空向往，渴望一双翅膀，放手让你飞翔，你的羽翼不该伴随玫瑰，听从凋谢的时光。浪漫如果变成了牵绊，我愿为你选择回到孤单。缠绵如果变成了锁链，抛开诺言……\r\n\r\n　　这种忧伤与爱恋交织的放手，是为了还对方自由。成全自己爱上的那个人，去做他（她）想做的事情。不愿因为爱一个人，从而致使那个人失去自我。《欢乐颂2》里曲筱绡也说，放手，是不想改变爱上的初衷。\r\n\r\n　　放手，不再打扰。即便忍不住思念，也要忍住脚步。即使带着祝福来到他（她）的城，也会绕城而过。仅是站在遥远的国度，许下深深地祝福','2018-07-14 17:10:13.685043','2018-07-14 17:10:13.685069',0,'pic_img/rBABqFmNbmiENuPsAAAAAHGwmjE439.gif',1,2),(6,'笑一笑，十年少','1、上夜班回来，在一楼停车，听见屋里有一小屁孩哭闹不停，他妈妈就骗他说外面有鬼。本着助人为乐的精神，我恐怖的嚎了一嗓子，结果……里面俩人都哭了\r\n\r\n　　2、唐僧：“悟空你听我说，最近悟净的行为很奇怪。为师多说了他两句，他就一言不发走开，然后躺进小白龙的食槽里。”悟空：“沙师弟不善言辞，他应该是在用行动表达对您的不满。”“什么意思？”“卧槽！”\r\n\r\n　　3、男A：我的血型是B型的，我老婆的血型也是B型的，生了个小孩。男B：孩子不会是2B型的吧。\r\n\r\n　　4、现在有些姑娘都喜欢把“我”打成“莪”好像是在暗示点什么…………。\r\n\r\n　　5、走过一处网吧的时候正好赶上JC突击队检查未成年人上网问题。几个小伙子被叫出来排成一队，当JC问到一个平头小伙儿的时候，我恰巧走过。于是听到对话如下。“职业？”“法师。”我用无比崇敬的目光看了他一眼，默默地为他祈祷！\r\n\r\n　　6、你相信学生时代谈恋爱可以一口气谈到民政局去吗？答：一口气谈到医院的比较多。\r\n\r\n　　7、听到一个说法，和妹子相处，要义就是： 若她涉世未深，就带她看尽人间繁华，若她心已沧桑，就带她坐旋转木马。神回复：和男人相处，要义就是：若他情窦初开，你就宽衣解带；若他阅人无数，你就灶边炉台。\r\n\r\n　　8、据说女人就像鸡蛋、外表很硬、很矜持、再往里很清纯、内心很黄…………\r\n\r\n　　9、哥们A去彩票中心买彩票，看见哥们B坐在门口，就问：这不是***麽，咋在这坐着呢？哥们B揉了揉眼睛，瞅着哥们A好一会才憋出几个字：我中了……有点晕，歇会……哥们A：哇，中了多少啊，激动成这样？难不成中500万了？又好一会，哥们B幽幽地憋出几个字：我中暑……在这歇会……哥们A：囧rz……\r\n\r\n　　10、一屌丝暗恋某女神。今天他上公厕出来准备洗手，看到她也在洗手。于是准备上前搭上两句，从她背后经过的时候，她转过头来冲他一笑。屌丝一时情急，竟不知道说什么好。脱口而出：“你也尿手上了？”\r\n\r\n　　11、来学校没带铺盖，借同班一个哥们的被子用了几天。结果来大姨妈，蹭上去好多。于是想周末带回家洗了还给他。周末那天痛经，一直流着眼泪没力气，于是我又找他帮忙拿着去坐车。正巧那男同学他爸来学校看他，结果看到他领着一眼泪汪汪的姑娘，还抱着带血迹的床单。气的直接就一脚把他踹翻在地……\r\n\r\n　　12、从小到大，升旗时注意力不是在国旗上，而是看看国歌奏完时，国旗是不是正好停在杆顶……\r\n\r\n　　13、前天，一妹子问我：SM是什么意思啊？为了维护我的形象，我告诉她：是失眠的意思！昨天，发现妹子换了新签名：最近经常SM，太痛苦了！不过熬到天亮就行了。今天，她和我绝交了！\r\n\r\n　　14、在酒店吃饭，我席间内急，服务员热情地说；我们酒店没有卫生间，你可以去对面公厕，我们和他们有约定，到那你就说你是“吃饭的”！ ……\r\n\r\n　　15、高三时一次上课，老师在上面讲的是滔滔不绝，班长在下面昏昏欲睡。他同桌趁老师不注意，在班长耳朵旁小声说了句“下课”。这货瞬间跟打了鸡血一样，猛的站起来大喊：“起立！”结果后面一排居然有四个心不在焉的同学幽幽的站起来喊：“老师再见！”\r\n\r\n　　16、今天和老外打斯诺克，被虐的不行，老外还一口一个NB的夸我，说的我不好意思。回来后细想他表情不像是夸我的，查一下总算长见识了。newbie（菜鸟）…………。\r\n\r\n　　17、我刚考了驾照，借了朋友的汽车深夜第一次练车，很紧张，开着开着就听咣当一声，吓坏了，下车一看一个大配件掉了，赶紧给搬了车上就开回去了，过了两天我又去借车，那哥们很生气的对我说：“老弟你真行啊，太不地道了，开着我的车去偷井盖，你想害死我啊？”\r\n\r\n　　18、和朋友浴场洗澡，朋友想搓澡……没找到搓澡师傅。就扯着嗓子喊了句：有没有搓澡的？池子里一大叔答到：小伙子，给我搓搓。','2018-07-14 17:12:15.489333','2018-07-14 17:12:15.489362',0,'pic_img/4b145b63eb785b06a276c.gif',1,3),(7,'家乡的小河，你是一首流动的歌','乡的小河，你是一首流动的歌\r\n\r\n　　记忆深处，家乡清澈的小河，让人留恋往返。多少年来她从我的心中漂过精彩，从我的爱中流过无奈。曾留下过辉煌，留下过苦难，也曾留下过笔下生花的忘情与缠绵，绵延千年来，缓缓流淌，年复一年涌动着故乡兴旺的春潮，日复一日暗流着两岸动人的故事，传承着故乡人民艰苦创业的历史。\r\n\r\n　　 浩瀚岁月，让故乡的小河，绣满了历史的沧桑。\r\n\r\n　　 延绵高原弥天飞扬的沙暴风尘无情的狂虐，浑浊了你涓涓山泉的溪流，山岳耸立突兀，峡谷壁立千仞，却挡不住你海纳百川，奔腾激流，浪卷波涌，浩荡长啸的万丈雄风，而一泄千里。荒芜四野孤壁，裸露的山脊像炭火般灼烤一方蓝天，八面纤陌。你却染就一川绿杨嫩柳，千倾稼禾金黄，张铺一幅秀丽的丰收长卷：仰望十万大山，浩浩高原跌宕起伏，延绵湟水河依旧像一条巨龙镶嵌大地。自源流而下。秀色缀染，点点村舍如珍珠串连于大河两岸，炊烟袅袅耀空，暮蔼薄如纱帘，撩动庙宇风铃，悦耳声声，更有那唐蕃古道驿站，成就惊心动魄的古老传说。残缺的孤城遗址，与那遥远的峰火台上熏得发黑的巨石，可依旧望见古战场弥漫的硝烟。孙吾空搬山堵经的远古轶事，传唱了几代神奇的童话。千蚀万侵依旧后宏，彰显民族精魂的‘中流砥柱’，正叙说着河湟两岸金戈铁马的旧梦和唐蕃古道上多彩的难忘与缅怀。\r\n\r\n　　 更有沉睡千年而从朽木棺底掘出的柳湾彩陶碎片，或嵌于青苔之墙，或沉淤于大河拐弯的浅滩沙砾之中，阳光下折射出缕缕水光山影，斑驳锈迹间依然闪动着历史的光芒，这才真正是湟水之魂。是湟水千古不枯，大展雄风之精灵！是几百代祖先和后人一脉承袭的根。\r\n\r\n　　 如烟往事，让故乡的小河，贴满了美丽的画卷。\r\n\r\n　　 我喜欢游走河岸，喜欢看那春日涌动的初潮里，大雁欢舞，沙燕蝉鸣，泥土的芬芳，连同着牛背上牧童的歌谣，尽收眼底的乡村美景。喜欢看你两岸裸露雄肌的少男嬉水时的忘情，喜悦里流动着无忧无虑，浪花般跳动着欢快的心情。喜欢看你两岸清纯的少女，背倚柳枝，双手托腮，荡漾的春心在煽动的秋波里，让思念的桃花爬满脸颊时，遐想万千的美丽倩影。喜欢看你两岸柳影杨絮里劳作的少妇，在春阳里像虔诚的圣徒，一步一颗心地叩拜地母，昔日秀嫩，而今布满老茧的双手，扶犁播撒未来与希望时愉悦的心情。喜欢看她们在炎炎夏日里，头顶一片蓝天，脚踩万顷良田，按捺不住的寂寞在“花儿与少年”里消遣时的满足感，更喜欢看她们在秋日里，给金黄的麦浪施以弯躬大礼，收获了岁月，收获了幸福时，浸满汗水的脸庞上绽放的笑容。\r\n\r\n　　 家乡的小河，沉淀历史、成长岁月。时光流走，历史却像河底的沙砾日累月积成不变的永恒。喜看两岸欢歌笑语，歌舞升平。清秀的都市，在霓虹的闪烁里摇曳着美丽，看湟水两岸高楼大厦，鳞次栉比，杨柳依依，花香鸟语，流动的小河依旧演奏着如歌的行板，四季更迭，风韵犹存，畅漾情怀的柔波里孕育着爱情。\r\n\r\n　　 是湟水不变的恩泽，滋润了美丽富饶的山川。是湟水不懈的奔腾，捶造了河湟儿女奋发向上的拼搏精神。\r\n\r\n　　 家乡的河，犹如潺潺行歌，一路而泻，平凡而自在，没有亭台楼阁的渲染，却有一身的清秀，没有大江大海的波澜壮阔，却有千年不变的忠魂。没有名湖秀水的娴静，却在我心目中，碧波荡漾，纵有千虑万愁，你将心思化作一叶小船，载起忧虑，挂满小帆，渡一舟苦难，洗一路风尘，随微波启航，放开愁思，淡清心胸，轻舶油然，溢流自我心情于悠悠然然的湟水之上，在沉静、和缓与安详中，心绪释然。\r\n\r\n　　 哦，故乡的小河，只要生命不歇，你依然是我青葱岁月里一首难忘的歌','2018-07-14 17:13:05.513757','2018-07-14 17:13:05.513789',0,'pic_img/733523789408499038.gif',1,4),(8,'《英雄志》叶挽星','春风颂樱花开 相思情为你猜 屠苏已过化缘斋 阴阳逆转乾坤衰\r\n\r\n　　乱世问鼎苍穹 权倾天下亦朦胧 任凭天下纵横 始终难寻她眼瞳\r\n\r\n　　一梦两三年 浪迹全中原 折断手中琴弦 隐名不过似王权\r\n\r\n　　桥段那刻伊人醉 也曾流下红颜泪 多想画她妩媚 痴情汉好狼狈\r\n\r\n　　负了多少歌姬欢 织了多少黑白衫 失去你浮云贪 哪怕心有多不甘\r\n\r\n　　意乱沉迷故情日 感谢苍生的恩赐 转身纨绔这一世 少年不减英雄志\r\n\r\n　　野草嫩花数不尽 何必扫了心魔兴 轮回不如君主命 斩断天地的通病\r\n\r\n　　免死金牌有何用 世间已被我掌控 谁人懂我心中痛 圆我一生另类梦\r\n\r\n　　雨帝已经成不朽 情义为何不久久 再见从未说出口 此生注定随雨走\r\n\r\n　　如果爱能是缘分 始终在我心中困 自食其果谁曾问 满身伤痕何曾恨\r\n\r\n　　风吹流年山河送 我要虚拟有何用 为何又入春秋梦 且望今生太珍重\r\n\r\n　　谁人懂我杰的心 谁人愿做雨的音 陪我当上这帝君 感情再动乱世听\r\n\r\n　　现如今扫平天下 万里山河我称霸 后人谱写这神话 就让世间全惊讶','2018-07-14 17:17:43.236805','2018-07-14 17:17:43.236835',0,'pic_img/25820ac55be142a8bec9fcfa9acf71de_ep5aarl.gif',1,5),(9,'苹果','![](/upload/editor/36_20180714172921849379.png)\r\n```\r\n#include<stdio.h>\r\n#include<string.h>\r\n#define MAX(a,b) (a > b ? a : b)\r\nint main()\r\n{\r\n    int n, v;\r\n    while (~scanf(\"%d%d\",&n, &v) && n + v != 0)\r\n    {\r\n        int i, j, volume, value, dp[v+1];\r\n        memset(dp, 0, sizeof(dp));\r\n        for (i = 1; i <= n; i++)\r\n        {\r\n            scanf(\"%d%d\",&volume, &value);\r\n            for (j = v; j >= volume; j--)\r\n                dp[j] = MAX(dp[j], dp[j-volume] + value);\r\n        }\r\n        printf(\"%d\\n\",dp[v]);\r\n    }\r\n    return 0;\r\n}\r\n\r\n\r\n\r\n\r\n/*\r\nint main()\r\n{\r\n    int n, v;\r\n    while (~scanf(\"%d%d\",&n, &v) && n + v != 0)\r\n    {\r\n        int i, j, volume[n+1], value[n+1];\r\n        memset(volume, 0, sizeof(volume));\r\n        memset(value, 0, sizeof(value));\r\n        for (i = 1; i <= n; i++)\r\n            scanf(\"%d%d\",&volume[i], &value[i]);\r\n        int dp[n+1][v+1];\r\n        memset(dp, 0, sizeof(dp));\r\n        for (i = 1; i <= n; i++)\r\n        {\r\n            for (j = 1; j <= v; j++)\r\n            {\r\n                if (volume[i] > j)\r\n                    dp[i][j] = dp[i-1][j];\r\n                else\r\n                    dp[i][j] = MAX(dp[i-1][j], dp[i-1][j-volume[i]]+value[i]);\r\n            }\r\n        }\r\n        printf(\"%d\\n\",dp[n][v]);\r\n    }\r\n    return 0;\r\n}\r\n*/\r\n        \r\n```','2018-07-14 17:29:50.789515','2018-08-02 21:44:16.918264',9,'pic_img/83025aafa40f4bfb0b175c3a084f78f0f636189d.gif',1,6),(10,'从前','某年、某月、某日，晴，我在从前等你……\r\n\r\n　　时光如梦，恍然离下；朝花夕拾，尽是枯萎。从前，我爱你！\r\n\r\n　　庄严的殿堂，洁白的婚纱，新郎绅士的将戒指戴在了新娘的无名指上，俯身亲吻了新娘的额头，随后道出一句：我爱你。新娘脸上幸福洋溢，露出两个浅浅的酒窝。这个画面经常出现在我的梦里。\r\n\r\n　　那年那个酷热的夏天，我考上了省城的高中，家里父母忙于工作，抽不出时间送我到学校，我自己一人提着两大包行李坐车来到学校门口，当我把行李提下车时，我才发现自己第一次来这，根本不知道要去哪，而且还有两包行李，顿时让我有些不知所措。\r\n\r\n　　“喂！同学，需要帮忙么？”。阳光下一张帅气的面孔进入了我的视线\r\n\r\n　　在一个陌生的地方，遇到了一个陌生的男孩，我本应该警惕的，但看到他身上的校服，让我立即消除的警惕出于礼貌，我屡了屡额前的刘海回答道：“我是新生，第一次来这里，请问我该去哪里报道？”\r\n\r\n　　他提起我的两包行李，走吧，跟着我，带你去报道，顺便在帮你把行李送到宿舍。\r\n\r\n　　之后他带着我报道，然后帮我把行李提到宿舍楼下。“你自己提上去吧，男生不能进女生宿舍”。他有些不好意思道。\r\n\r\n　　这是我们第一次见面，我们交往后，我还问过他，当时为什么会来帮我。\r\n\r\n　　那年那个酷热的夏天，马路旁站着一个身穿白色连衣裙的女孩，精致的花边衬出白皙的双腿，修长挺拔，玲珑的曲线完完全全的勾勒了出来，女孩一脸无助，这一幕出现在他眼里，他便忍不住想要上去搭讪，可是却没有什么借口，当看到女孩身旁的行李时，他便直直的朝女孩走去。\r\n\r\n　　喂！同学，需要帮忙么……\r\n\r\n　　时隔多年，每当我想起那个夏天，嘴角都洋溢起幸福的微笑。\r\n\r\n　　我们两个在一所学校，虽然不在一个班，但是我们每天都能遇到。不知是他有意还是无意，每天放学我总是在同样的地方看到他，他看到我总会给我一个特别阳光的微笑，同样，我也会给还他一个灿烂的微笑。时间久了，我也养成了习惯，每天放学，就算不用从那条路走，我也会绕路过去，同样，每次过去都能得到他一个特别阳光的微笑。\r\n\r\n　　就这样，不知不觉我们都上了高三，没有了高一高二那种轻松的学习环境，还有几个月就要面临高考，所有人都开始奋发图强。放学，几乎所有人都是拿起书，飞快的冲回宿舍继续学习。而我，仍然每天都会绕路过去跟他见面，几年不变的是他还是会给我一个特别阳光的微笑，同样，我会还他一个灿烂的微笑，每次除了远远地微笑，我们不会说一句话。有几次我想上去跟他说话，可他冲我微笑后，就转身离开了。\r\n\r\n　　突然，有一天放学，我还是照常去与他碰面，可是却没看到他，我以为他有什么重要的事，可能迟到了，可是我等到宿舍快要关门了，他还是没有出现，那天我特别失落的回到宿舍。\r\n\r\n　　接下来一个多星期，我都没有再看到他，仿佛他突然就人间蒸发了，最后我开始慌了，终于我忍不住去他班里问他同学。得到的却是他一个多星期前就请假了，再也没有其他消息。\r\n\r\n　　高三紧张的学习氛围让我无法抽出时间去想他，可是每天放学，我还是会去那条路等他。\r\n\r\n　　高考前一个月，还是那条路，我看到了那个熟悉的身影，我再也忍不住跑了过去，责怪的问道：“这么久你去哪了，我每天可都在这里等你。”\r\n\r\n　　“对不起！”他开口道：“做我女朋友吧？”\r\n\r\n　　我想也没想便答：“好啊！”\r\n\r\n　　他突然伸手捧着我的脸俯身吻在我的额头上，我出奇的没有阻止他。\r\n\r\n　　那年，我们18岁。\r\n\r\n　　高考过后，我如愿考上了自己理想的大学，而他却连最普通的大学也没考上。\r\n\r\n　　去大学的那天，他帮我提着行李，送我到车站，上车前，他猛然抱住我，我也紧紧抱着他。\r\n\r\n　　汽车发动，夕阳下，他冲着车内的我又发出了一个特别阳光的微笑，同时，我也冲塔发出了一个灿烂的微笑。他猛然喊道：“等我一个月，一个月后，我去找你！”\r\n\r\n　　我听到后，眼角忍不住划过一丝眼泪。\r\n\r\n　　一个月后的一天，我因为要出校办点事，刚刚走到大门口，便看到屹立在校门外马路边那道熟悉的身影，我迅速朝他跑去，狠狠抱住他。\r\n\r\n　　“傻瓜，抱这么紧，还怕我跑掉啊！”他轻轻在我耳边说道\r\n\r\n　　“笨蛋，我想你了。”我不争气的眼泪再次划过脸颊。\r\n\r\n　　“嫁给我，你愿意吗？”他认真的问道。\r\n\r\n　　“嗯，好！”我擦了擦眼角的泪水含糊不清的道出两个字。\r\n\r\n　　那年，我们19岁。\r\n\r\n　　不久后，他在我学校附近找了个工作，还租了个房子，时不时的做些好吃的送到学校给我吃，朋友们都特别羡慕我有一个这么好的男朋友。还让我看紧点，不然小心被她们抢走，为此我还担心了一阵子，可发现，每次他到学校来给自己送好吃的时候，从来不会看别的女生一眼，只是认真的看着我吃完，然后跟我聊聊天，就会离开学校回到他的出租屋。我就慢慢放心了。\r\n\r\n　　两年后，我上大三了，也开始在外面实习，本来准备自己租个房子，可是他告诉我让我去他那里住，我想了一下，便欣然答应。\r\n\r\n　　一间简易的屋子，两个房间，一张桌子，两把椅子，一台旧电视机和一些生活用具。本以为男生的房间都很乱，本来简易的屋子里却收拾的干干净净。我跟他一人一个房间，每天他出去工作，我出去实习，晚上回来，他就会给我做些好吃的。生活虽然简单，但却无比幸福。\r\n\r\n　　一天傍晚，下着大雨，电闪雷鸣，我实习完回到出租屋，刚刚打开门一阵浓密酒气扑面而来，我差点被熏晕，往日干净整洁的屋里，到处都是啤酒易拉罐，看着他房门开着，不断有酒气传出，我慌忙的跑进他的房间，眼前的一幕，让我伤心，看着往日那个阳光帅气的大男孩，现在满身酒气，躺在满是易拉罐的地上，帅气的面孔上沾满了泪水和酒水，他为什么会如此痛苦？当我看到他床头上的一张黑白照片，照片中一男一女，男的跟他长的很像，照片还放着一份遗产证明书。\r\n\r\n　　我总算知道，高考前，他为什么会突然消失。那一天，他父母开车出差，路上遇到车祸，双双遇难。\r\n\r\n　　我突然感觉很心碎，发生这样的事，他竟然一直没告诉我，一直一个人默默的承受着。看着此时他，我心里很生气同时也非常担心。我想将他扶到床上，他也很配合地让我把他扶到床上。\r\n\r\n　　我将满屋子的易拉罐收拾干净后，打了一盆热水，认真地擦着他脸上的泪痕，他全程一直默默地看着我，将他脸擦干净后，我转身准备离开，他一把拉住我，然后他的嘴狠狠的堵住了我的嘴。我稍作挣扎，便也任由他去。\r\n\r\n　　外面下着大雨，电闪雷鸣，出租屋内，我们相互索取着……\r\n\r\n　　那年，我们21岁。\r\n\r\n　　从那以后，我们就住到了一间房，每天他出去工作，我出去实习，生活照旧，每天我们都很幸福。\r\n\r\n　　一年后，我工作稳定，但有一点不好，就是我被调到别的城市里去工作。\r\n\r\n　　离开的时候，还是他送我到车站，同样拥抱，亲吻，我上车后，他给我一个特别阳光的微笑，同时，我也还给他一个灿烂的微笑。汽车启动后，他冲我大喊道：“毕业了，我就娶你。”我听到后泪流满面。\r\n\r\n　　现在我怎么都想不到这一个微笑一个承诺对我来说将会是永恒的。\r\n\r\n　　分隔两地，我们每天都会通电话，电话里大部分都是我在讲，他在听，他时不时会嘱咐我，让我好好照顾他未来的媳妇儿。为此，我也感觉特别幸福。\r\n\r\n　　几个月后的一天，我跟他打电话，没人接，我以为他有事，便也不想扰打他，想想他事他应该会给我回电话的。可是我等到晚上，他却仍然没给我回电话，我有点气他的气了，便打算，他就算给自己回电话，自己也不接了。当做给他的惩罚。\r\n\r\n　　几天后，我发现他居然这几天没有给我打电话，最终还是我忍不住再次拨打了他的电话。可是电话里面传出的却出你拨打的电话已停机。这时我心里面急坏了。\r\n\r\n　　回到公司，我马上向领导请假，准备去一趟他所在的城市，但是领导说公司现在正是缺人的时候，一个月后才能准我的假。\r\n\r\n　　十几天后，公司的会议上，一个陌生人的号打到我的手机上，在开会，我准备挂掉时，突然发现是他那个城市的号，我立马接听，然后向领导说了声：“对不起。”然后走出会议室。\r\n\r\n　　“喂，请问你是哪位？”我心中有些激动\r\n\r\n　　“喂”电话那边传出一个熟悉的声音。\r\n\r\n　　我瞬间知道是他，“你什么情况，为什么一直不打我电话。”我大声说道。\r\n\r\n　　“我们分手吧！”他沉声道。\r\n\r\n　　“你说什么？”我感觉我听错了。\r\n\r\n　　“我们分手吧！”他仍然沉声道。\r\n\r\n　　“是不是，因为我工作的原因，那样我可以辞职，现在立马回去跟你结婚。”感觉他是认真的，我有些急了，眼中突然充满泪水。\r\n\r\n　　“……记得照顾好自己”\r\n\r\n　　我已经忘记了说话。\r\n\r\n　　“你会一直想我吗？”\r\n\r\n　　我还没说话便听到……嘟……嘟……电话那边传来了挂断的声音。\r\n\r\n　　一瞬间，我的眼泪再也制止不住，花花的流了下来，我回到这边公司分的房子里，关上门，大声的哭了出来，算上今年，七年了，七年的感情，就这么破碎了，我不甘心，我要去找他。我要当面问清楚。\r\n\r\n　　一个月后，公司准了我的假，我简单的收拾了一下，便踏上他所在的城市。\r\n\r\n　　几天后，我到了他工作的地方，可是他已经不在这了，他的老板说，他早就辞职了，说是要回家准备结婚。\r\n\r\n　　过了很久，我依然没有他的一点消息。直到有一天，又是哪个陌生的电话打来，我迅速接听，电话里传来一个妇人的声音。\r\n\r\n　　妇人：“你是他的女朋友？”\r\n\r\n　　我：“对，我是他女朋友”\r\n\r\n　　“他在我这，你过来看看吧，唉！”妇人叹了口气报出了一个地址。\r\n\r\n　　我发现那个地址就在我工作的城市，我迅速下楼，拦了一辆出租车，跟司机说了下位置。\r\n\r\n　　几小时后，出租车，开到了一个小型公寓楼下，我下车，地址上说是三楼，我直接走进电梯，按了下‘三’。电梯缓缓上升。\r\n\r\n　　‘咛’我走出电梯，迫不及待的朝一扇门走去。按了下门铃。\r\n\r\n　　不久，一个中年妇人将门打开将我迎了进去。\r\n\r\n　　进来后，我看到一个小型祭祀台，上面摆着水果，祭祀台上挂着一张黑白照片，照片里面的人脸上挂着特别阳光的微笑，而我盯着照片眼睛却再也无法移动。\r\n\r\n　　孩子命苦，爸妈走的早，现在自己也走了。我翻看他遗物的时候，发现他手机里面只有一个电话号码，打电话，接电话，基本全是你。我是他的亲戚。中年妇人道。\r\n\r\n　　“喂！同学，需要帮忙么？”。阳光下一张帅气的面孔进入了我的视线。\r\n\r\n　　我屡了屡额前的刘海回答道：“我是新生，第一次来这里，请问我该去哪里报道？”\r\n\r\n　　“对不起！”他开口道：“做我女朋友吧？”\r\n\r\n　　我想也没想便答：“好啊！”\r\n\r\n　　他突然伸手捧着我的脸俯身吻在我的额头上，我出奇的没有阻止他……，曾经的一幕幕全都出现在我眼前。这次我却没有哭。\r\n\r\n　　“姑娘，来了，就在这吃个便饭吧。”中年妇人端上来三个小菜，两碗米饭对我道。\r\n\r\n　　我盯着照片出神，突然有人跟我说话，我回过神来，见中年妇人饭菜都已经端上来了，我也没有拒绝。\r\n\r\n　　跟中年妇人坐下后，一边吃一边把我跟他发生的事一件一件讲出来。全程我没有掉一滴眼泪。\r\n\r\n　　饭后，我想中年妇人辞行。中年妇人将一个盒子递给我，说这里是他的遗物，让我好好保管。\r\n\r\n　　下楼后，我打开盒子，看到里面厚厚的病例表，再也忍不住，眼泪破框而出，哭声撕心裂肺。\r\n\r\n　　原来他……\r\n\r\n　　我爱你，但我却不敢说，我说了怕我立马就会死去，我死后，我怕没有会比我更爱你。\r\n\r\n　　某年、某月、某日，晴，我在从前等你……你在哪？','2018-07-16 08:06:51.934162','2018-07-16 08:06:51.934198',0,'pic_img/4b145b63eb785b06a276c_M8AueZe.gif',1,2),(11,'慢慢才明白','慢慢才明白，总想尘封以往，却越来越多的回眸，那些平实的、激情的、坎坷的、浪漫的……\r\n\r\n　　 慢慢才明白，日子要一天天地过，生活要一点点地品，懂得了太多的人情世故，却再也留不住逐渐冷却的激情！无奈中，游走在现实与梦想的边缘，于是在追求时挺直的身躯，在事实面前渐渐妥协。\r\n\r\n　　 慢慢才明白，一生中总有一些人难忘记，一年中总会有些日子特别珍惜，特别的日子里会记起特别的往昔，偶而落寞时，记忆里有影子徘徊，却也挥之即去。有些东西即便不能忘却，也得埋藏在心里，并学会忘记。\r\n\r\n　　 慢慢才明白，有些爱永远不要说出口，有些情感只能深深地埋在心底。付出不一定都有回报。不要为任何人流泪，值得你流泪的人不会让你流泪！\r\n\r\n　　 慢慢才明白，别人的目光已不重要，他们的批评和夸奖，事实上无足轻重，走自己的路，让别人去说吧。只要无愧于心，无愧于己就足够了。\r\n\r\n　　 慢慢才明白，人生苦短，人应该有所追求，也要有自己的目标与事业，忙忙碌碌的人生才是充实与幸福的，有目标，才不会让我们偏离我们的航向。只有不断的前进，才可以不断地在前进的路上看到更美丽的风景。\r\n\r\n　　 慢慢才明白，要想被爱，必须自爱，任何时候都不要放弃自己。要想自己获得尊重，要成就一番自我。一个碌碌无为的人被人敬重，那是无稽之谈，没有人愿意去欣赏一个白痴。\r\n\r\n　　 慢慢才明白，不但知世道，也有了几分自知，知道自己的不足。一方面不要把自己看成是完美的公主，也不要拿完美的标准来苛求自己。没有最好，只有更好。\r\n\r\n　　 慢慢才明白，不要总把希望寄托在别人的身上，唯一可以永久依赖的人，只有你自己。任何时刻，都要自立与自强，实力才是最终战胜一切的原动力。\r\n\r\n　　 慢慢才明白，将功名利禄看得淡一点。人生本是贫瘠，我们光着身子来，也是两手空空地走，物质上没有人可以占据的更多，除了那一方安息之地。\r\n\r\n　　 慢慢才明白，学会宽容与忍耐，我们的人生也因此更加的豁达，正如一首歌所唱的“无所谓，原谅这世间所有的不对，无所谓，何必让自己痛苦地轮回”。其实，很多时候，我们似乎是不能原谅别人，其实是没有原谅我们自己一拿别人的过错来惩罚自己，让自己背负多年的十字架，原来是这么不合算。\r\n\r\n　　 慢慢才明白，任何事物都有两重性，有时候没有对与错，你认为错的，也许别人看来是对的。而你竭力奋斗的，却可能是很多人抛弃的。\r\n\r\n　　 慢慢才明白，青春可贵，时不我待……\r\n\r\n　　 慢慢才明白，往事如风，知音不在……\r\n\r\n　　 慢慢才明白，人生如同棋局，一招走错满盘皆输……\r\n\r\n　　 慢慢才明白，有的事情永远不会明白，有的事情明白了也得装不明白……\r\n\r\n　　 慢慢才明白，人真的是永远不满足的，有了金钱，又想要爱情……\r\n\r\n　　 慢慢才明白，有些人永远不值得去等……\r\n\r\n　　 慢慢才明白，和有的人只是一个转身，就是一辈子的别离……\r\n\r\n　　 慢慢才明白，人生是漫长也是短暂的，它充斥了不断定的常数……\r\n\r\n　　 慢慢才明白，人善被人欺，一味谦让换来的往往不是尊敬而是屈辱……\r\n\r\n　　 慢慢才明白，白手起家对于多数人来讲只是一个童话……\r\n\r\n　　 慢慢才明白，自己的生活靠自己，自己做自己喜欢做的事……\r\n\r\n　　 慢慢才明白，有了好的身体，才能去做一切自己想做的事情……\r\n\r\n　　 慢慢才明白，幻想永远也成不了现实，理论和实践隔着十万八千里……\r\n\r\n　　 慢慢才明白，金钱的重要，虽然金钱不是万能的，但深切的体会，没有金钱是万万不能的……\r\n\r\n　　 慢慢才明白，生命的历程是如此的短暂，希望自己更快乐点，更潇洒点……\r\n\r\n　　 慢慢才明白，狂妄的人有救，自卑的人没有救……\r\n\r\n　　 慢慢才明白，爱和责任原来还是有距离的，不能那么轻举妄动了……\r\n\r\n　　 慢慢才明白，责任是我们生命中的亮点，也是我们的成功点……\r\n\r\n　　 慢慢才明白，好好的爱自己的女人最美，好好珍惜自己的女人才是最真的女人……\r\n\r\n　　 慢慢才明白，人活着不是在寻求完善，而是在忍耐平常，缺憾和庞杂才是人生真正的颜色……\r\n\r\n　　 慢慢才明白，其实，没人会为你改变自己，也没人能够比自己更了解自己……\r\n\r\n　　 慢慢才明白，真正的领会和品味人生，理解人生的现实和冷淡……\r\n\r\n　　 慢慢才明白，人生有时是一场宿命的悲剧，拼命挣扎之后，却仍被命运的大手扔回自己不甘心的角落……\r\n\r\n　　 慢慢才明白，如果你不给自己烦恼，别人也永远不可能给你烦恼。因为你自己的内心，你放不下。所以今后的日子里不要给自己任何烦恼，这世界上有什么值得让你烦恼呢？无非是自己给自己画了一个悲伤的圈圈，然后自己配合着悲伤，上演一出一出悲情的戏码，让你没有了快乐，囚禁自己于烦恼之中而已。\r\n\r\n　　 慢慢才明白，男人是永远长不大的孩子，你要象母亲一样体贴，照料包容他，却不要期看他象看待母亲一样回报你，尊重你，一样的忠心于你。\r\n\r\n　　 慢慢才明白，伤心是一种说不出的痛，你的苦楚只有自己才深切领会，所以每个人都感到自己的苦楚才是真正的苦楚。\r\n\r\n　　 慢慢才明白，“胜者王候败者寇”人生有时很残暴，只有锦上添花，几曾见人雪中送炭？求人不如求已。\r\n\r\n　　 慢慢才明白，孩子是性命的支点，你累了倦了却不能到下，由于你肩负着巨大的使命。时常很爱慕孩子，其实孩子也有他们的苦恼和迷惑。\r\n\r\n　　 慢慢才明白，什么人的话都要听一听。不要轻易为人两肋插刀。付出得不到相应的回报，美妙的初衷变成了悔恨的回想，爱心也要有智慧，忠心更要有见识。\r\n\r\n　　 慢慢才明白，我们的孩子也会和我们一样，慢慢领会理解人生用自己的方法生涯，一次次违反准确的忠告。一次次的伤父母的心，人生就是一次次的循环。','2018-07-16 08:07:31.622392','2018-07-24 16:29:06.768811',0,'pic_img/96b8f5e079144898880776823fe8114e_oFkSoqc.jpg',1,2),(12,'test','222','2018-07-17 17:50:42.192985','2018-07-29 15:14:46.743934',0,'pic_img/rBABqFmNbmiENuPsAAAAAHGwmjE439_AvoWIeI.gif',0,2),(13,'个人网站优化','最近一直在写一个个人博客网站，完成后发现打开速度和访问量都不如意，所以花了几天时间优化网站，以提高响应速度和访问量。。。。\r\n个人博客页面链接：http://www.shihao.online（django搭建的个人博客，还在完善中）\r\n\r\n一些小建议：\r\n**1：能用外链的js，css文件最好不要用服务器本地的**\r\n例子：\r\n一些常用的js,css文件引入公共资源库上的，如下演示\r\n```\r\n<link href=\"https://cdn.bootcss.com/bootstrap/3.3.0/css/bootstrap.min.css\" rel=\"stylesheet\">\r\n```\r\n为什么这么做？\r\n1：自己的服务器不好（再好也没百度的好）\r\n2：百度的服务器节点多，响应快，可以提高网页加载速度\r\n3：等等等等。。。。。。\r\n\r\n一些常见的公共资源库\r\n百度的：http://cdn.code.baidu.com/（据说百度的快，但有些不是很常用的js,css上面没有）\r\nbootstrap的：https://www.bootcdn.cn/（基本上常用的都在上面）\r\n还有好多，想用百度搜一下\r\n\r\n**2：js, css一定要压缩**\r\n自己写，在自己电脑上运行，怎样都无所谓，但扔到服务器上，消耗的都是资源啊，一般人也没有太好的服务器\r\n\r\n一个好多常用工具的网站：（js压缩，css压缩都在）\r\nhttps://tool.lu/\r\n\r\n**3：处理网页上的图片**\r\n处理图片的方式我只想到了三种\r\n1：扔到图床上面\r\n2：base64转码\r\n3：压缩图片\r\n4：少用图片（这个不能算）\r\n\r\n第一种方法：还是没钱，去找免费的图床，我用的是七牛云，实名注册后每个月有免费的流量和空间，大部分个人小网站都够用，有钱可以加套餐，还有其他的好多图床，也可以百度找一下试试。\r\n第二种方法：base64转码可以减少 HTTP 请求，适合小尺寸的图片。但如果图片的大的话就不行了，会导致数据太大，加载过慢。一般不会很大，一些常用的图标都可以用base64转码\r\n第三种方法：可以把网页上背景图或者一些确定的图片进行压缩，减少图片大小，一个图片在线压缩的网站：https://www.iloveimg.com/zh-cn/compress-image/compress-gif\r\n\r\n**4：优化数据库，提高查询效率**\r\n这个没啥讲的，跟我的数据库表肯定不一样\r\n\r\n**5：seo**\r\n\r\nSEO即搜索引擎优化,简单的说，就是让百度、google、360等搜索引擎，可以发现我们的网站，让别人在搜索某些关键词时，能够展现出我们的网站，从而让用户有机会访问我们的网站。 \r\n1：到各大站长平台中提交我们的网站\r\n百度站长：http://zhanzhang.baidu.com \r\n360站长：http://zhanzhang.so.com \r\n搜狗站长：http://zhanzhang.sogou.com \r\n不过提交可不一定会收录，那要看网站的质量。 \r\n2：sitemap生成与提交\r\n3：主动推送\r\n4：自动推送\r\n注：2,3,4在每个站长平台都有自己的提交方法介绍，非常详细\r\n\r\n**6：外链自己的网站**\r\n\r\n这个简单，但比较耗时，算是一个累活吧。将我们的页面URL到各大网站上去发表，如百度贴吧、新浪微博、腾讯微博、博客，对于格式没有具体的要求，重点把你的链接发不去，这样百度收录该网站的页面时就会爬取到其中了链接，可以大大增加百度的收录，当然还是要看质量。','2018-07-28 17:39:10.492921','2018-08-02 21:23:05.679814',1,'pic_img/book.jpg',1,1),(14,'test1111','```\r\n测试成功环境： \r\npython：3.5.4 \r\nos：Deepin 15.5 \r\nDjango：2.0 \r\nIDE：pycharm\r\n```\r\n\r\n#Django整合django-mdeditor\r\n注：博主再写个人博客时，找了好久的编辑器，tinymce丑的一批，DjangoUeditor我没有做出来实时预览的效果，只有这个看着比较好，一是有普通编辑器具备的大部分功能，二是属于主流的markdown语法，比较适合使用，三是可以实时预览。。最主要的还是比较容易添加到admin界面\r\n\r\n1.安装django-mdeditor\r\n```\r\npip install django-mdeditor\r\n```\r\n2.在项目的settings.py的INSTALLED_APPS中添加\'mdeditor\', \r\n![](/media/editor/2018071315380941_20180714170426628043.png)\r\n\r\n3:添加路径到设置中\r\n```\r\nMEDIA_ROOT = os.path.join(BASE_DIR, \'uploads\')	#uploads必须存在，且在项目目录下\r\nMEDIA_URL = \'/media/\'	#你上传的文件和图片会默认存在/uploads/editor下\r\n```\r\n\r\n4：添加设置到你的url中\r\n```\r\nfrom django.conf.urls import url, include\r\nfrom django.conf.urls.static import static\r\nfrom django.conf import settings\r\nfrom django.contrib import admin\r\nfrom django.urls import path\r\n\r\nurlpatterns = [\r\n    path(\'admin/\',admin.site.urls),\r\n    url(r\'mdeditor/\', include(\'mdeditor.urls\')),\r\n]\r\n\r\nif settings.DEBUG:\r\n    # static files (images, css, javascript, etc.)\r\n    urlpatterns += static(settings.MEDIA_URL, document_root=settings.MEDIA_ROOT)\r\n```\r\n5.添加一个app\r\n```\r\npython manage.py startapp article\r\n```\r\n打开Test，在models.py中添加\r\n```\r\nfrom django.db import models\r\nfrom mdeditor.fields import MDTextField	#必须导入\r\n\r\nclass Article(models.Model):\r\n    name = models.CharField(max_length=10)\r\n    content = MDTextField()    #注意为MDTextField()\r\n```\r\n6:在Blog/admin.py中注册\r\n```\r\nfrom django.contrib import admin\r\n\r\n# Register your models here.\r\nfrom Blog.models import *\r\n\r\nadmin.site.register(Article)\r\n```\r\n7:效果如下：（注：因为我觉得django自带的admin不太好看，所以后台使用了django-suit替换掉了默认的admin界面，所以看起来不太一样，如果你也修改admin界面的话，可以看我另一篇文章）\r\n![](/media/editor/20180713155509660_20180714170519035430.png)\r\n\r\n还支持全屏编写，并实时预览，全屏效果如下\r\n![](/media/editor/20180713154719503_20180714170543144263.png)\r\n\r\n----------\r\n\r\n\r\n到了这个时候，后台的界面已经整合markdown编辑器完毕，可能有需要在前端界面显示出来，虽然没什么难度，但还是再写写\r\n\r\n8：如果需要在前台显示的话，可以在view.py获取到数据库的数据后，使用markdown.markdown()修饰为html语句，然后传到前端显示\r\n\r\n注：使用markdown.markdown()必须先安装markdown\r\n```\r\npip install markdown\r\n```\r\n\r\n```\r\n在view.py中导入包 import markdown\r\n```\r\n\r\n如图所示：\r\n![](/media/editor/1_20180714170613487946.png)\r\n\r\n代码解释(注：解释是在百度上找的，其实直接加上就行了，不用知道啥意思)：这样我们在模板中展示 {{ article.content }} 的时候，就不再是原始的 Markdown 文本了，而是渲染过后的 HTML 文本。注意这里我们给 markdown 渲染函数传递了额外的参数 extensions，它是对 Markdown 语法的拓展，这里我们使用了三个拓展，分别是 extra、codehilite、toc。extra 本身包含很多拓展，而 codehilite 是语法高亮拓展，这为我们后面的实现代码高亮功能提供基础，而 toc 则允许我们自动生成目录。\r\n\r\n\r\n在前端显示时必须使用safe过滤器，如下图\r\n![](/media/editor/2_20180714170639154599.png)\r\n\r\n前端效果如下（注：只是前面这些操作，代码都是一个颜色，并不会高亮的，如果想做到代码高亮，接着向下看）\r\n![](/media/editor/33_20180714170702866087.png)\r\n\r\n9：实现代码高亮\r\n首先我们需要安装 Pygments，激活虚拟环境，运行下面的命令安装即可。\r\n```\r\npip install Pygments \r\n```\r\n\r\n运行如下命令\r\n```\r\npygmentize -S default -f html -a .codehilite > code.css\r\n```\r\n在文件夹下会发现生成了code.css文件，将这个css文件加入到你的static文件夹下css里面(路径自己定，只要用的时候引入正确就行了)\r\n\r\n最后一步在需要高亮的html文件里面导入刚刚生成的css文件，例如我的是\r\n```\r\n<link rel=\"stylesheet\" type=\"text/css\" href=\"{% static \'css/code.css\' %}\">  {#语法高亮#}\r\n```\r\n前面的markdown下必须加入 \'markdown.extensions.codehilite\'高亮效果才会生效\r\n```\r\n extensions=[\r\n              \'markdown.extensions.extra\',\r\n               \'markdown.extensions.codehilite\',\r\n               \'markdown.extensions.toc\',\r\n           ])\r\n```\r\n![](/media/editor/34_20180714170741953006.png)\r\n\r\n刷新前台，显示代码已经高亮。\r\n![](/media/editor/33_20180714170756858647.png)','2018-07-28 17:41:45.799354','2018-07-29 15:11:11.169654',0,'pic_img/book.jpg',0,1),(15,'使用git报错：Failed to connect to 1','git clone 出现错误：\r\nFailed to connect to 127.0.0.1 port 8888: 拒绝连接\r\n\r\n分析：\r\n\r\n1. lsof -i:8888    发现端口未被占用\r\n\r\n2. 查看代理：env|grep -i proxy\r\n```\r\nhttps_proxy=127.0.0.1:8888\r\nhttp_proxy=127.0.0.1:8888\r\nsocks_proxy=\r\nftp_proxy=\r\n```\r\n原因是127.0.0.1 port 8888被当作代理占用了，需要关闭。\r\n\r\n解决：在终端输入以下命令\r\n```\r\nexport http_proxy=\'\'\r\nexport https_proxy=\'\'\r\n```','2018-07-28 18:57:14.615537','2018-07-28 18:57:14.615566',0,'pic_img/book.jpg',1,1),(16,'修改linux下默认的python版本','linux默认的应该都是python2，但是更多的现在都是python3，就想修改默认python版本\r\n\r\n1：删除/usr/bin目录下的python link文件\r\ncd /usr/bin\r\nsudo rm -rf python\r\n\r\n2：删除后再建立新的链接关系：\r\nsudo ln -s /usr/bin/python3  /usr/bin/python','2018-07-28 18:58:26.326979','2018-08-02 21:33:02.328498',5,'pic_img/book.jpg',1,1);
/*!40000 ALTER TABLE `article_article` ENABLE KEYS */;
UNLOCK TABLES;

--
-- Table structure for table `article_article_sites`
--

DROP TABLE IF EXISTS `article_article_sites`;
/*!40101 SET @saved_cs_client     = @@character_set_client */;
/*!40101 SET character_set_client = utf8 */;
CREATE TABLE `article_article_sites` (
  `id` int(11) NOT NULL AUTO_INCREMENT,
  `article_id` int(11) NOT NULL,
  `site_id` int(11) NOT NULL,
  PRIMARY KEY (`id`),
  UNIQUE KEY `article_article_sites_article_id_site_id_fb7c9cb6_uniq` (`article_id`,`site_id`),
  KEY `article_article_sites_site_id_8e461c73_fk_django_site_id` (`site_id`),
  CONSTRAINT `article_article_sites_article_id_ec6ed154_fk_article_article_id` FOREIGN KEY (`article_id`) REFERENCES `article_article` (`id`),
  CONSTRAINT `article_article_sites_site_id_8e461c73_fk_django_site_id` FOREIGN KEY (`site_id`) REFERENCES `django_site` (`id`)
) ENGINE=InnoDB DEFAULT CHARSET=utf8;
/*!40101 SET character_set_client = @saved_cs_client */;

--
-- Dumping data for table `article_article_sites`
--

LOCK TABLES `article_article_sites` WRITE;
/*!40000 ALTER TABLE `article_article_sites` DISABLE KEYS */;
/*!40000 ALTER TABLE `article_article_sites` ENABLE KEYS */;
UNLOCK TABLES;

--
-- Table structure for table `article_article_tag`
--

DROP TABLE IF EXISTS `article_article_tag`;
/*!40101 SET @saved_cs_client     = @@character_set_client */;
/*!40101 SET character_set_client = utf8 */;
CREATE TABLE `article_article_tag` (
  `id` int(11) NOT NULL AUTO_INCREMENT,
  `article_id` int(11) NOT NULL,
  `tag_id` int(11) NOT NULL,
  PRIMARY KEY (`id`),
  UNIQUE KEY `article_article_tag_article_id_tag_id_7f08f5fb_uniq` (`article_id`,`tag_id`),
  KEY `article_article_tag_tag_id_5262d0fd_fk_article_tag_id` (`tag_id`),
  CONSTRAINT `article_article_tag_article_id_484f096c_fk_article_article_id` FOREIGN KEY (`article_id`) REFERENCES `article_article` (`id`),
  CONSTRAINT `article_article_tag_tag_id_5262d0fd_fk_article_tag_id` FOREIGN KEY (`tag_id`) REFERENCES `article_tag` (`id`)
) ENGINE=InnoDB AUTO_INCREMENT=17 DEFAULT CHARSET=utf8;
/*!40101 SET character_set_client = @saved_cs_client */;

--
-- Dumping data for table `article_article_tag`
--

LOCK TABLES `article_article_tag` WRITE;
/*!40000 ALTER TABLE `article_article_tag` DISABLE KEYS */;
INSERT INTO `article_article_tag` VALUES (1,1,1),(2,2,1),(3,3,2),(4,4,2),(5,5,2),(6,6,3),(7,7,4),(8,8,5),(9,9,6),(10,10,2),(11,11,2),(12,12,2),(13,13,1),(14,14,1),(15,15,1),(16,16,1);
/*!40000 ALTER TABLE `article_article_tag` ENABLE KEYS */;
UNLOCK TABLES;

--
-- Table structure for table `article_category`
--

DROP TABLE IF EXISTS `article_category`;
/*!40101 SET @saved_cs_client     = @@character_set_client */;
/*!40101 SET character_set_client = utf8 */;
CREATE TABLE `article_category` (
  `id` int(11) NOT NULL AUTO_INCREMENT,
  `cname` varchar(20) NOT NULL,
  `isShow` tinyint(1) NOT NULL,
  `lifeOrStudy` varchar(10) NOT NULL,
  PRIMARY KEY (`id`),
  UNIQUE KEY `cname` (`cname`)
) ENGINE=InnoDB AUTO_INCREMENT=7 DEFAULT CHARSET=utf8;
/*!40101 SET character_set_client = @saved_cs_client */;

--
-- Dumping data for table `article_category`
--

LOCK TABLES `article_category` WRITE;
/*!40000 ALTER TABLE `article_category` DISABLE KEYS */;
INSERT INTO `article_category` VALUES (1,'django',1,'学无止境'),(2,'美文',1,'慢生活'),(3,'搞笑文章',1,'慢生活'),(4,'回忆录',1,'慢生活'),(5,'诗歌',1,'慢生活'),(6,'acm',1,'学无止境');
/*!40000 ALTER TABLE `article_category` ENABLE KEYS */;
UNLOCK TABLES;

--
-- Table structure for table `article_tag`
--

DROP TABLE IF EXISTS `article_tag`;
/*!40101 SET @saved_cs_client     = @@character_set_client */;
/*!40101 SET character_set_client = utf8 */;
CREATE TABLE `article_tag` (
  `id` int(11) NOT NULL AUTO_INCREMENT,
  `tname` varchar(30) NOT NULL,
  `isShow` tinyint(1) NOT NULL,
  PRIMARY KEY (`id`),
  UNIQUE KEY `tname` (`tname`)
) ENGINE=InnoDB AUTO_INCREMENT=7 DEFAULT CHARSET=utf8;
/*!40101 SET character_set_client = @saved_cs_client */;

--
-- Dumping data for table `article_tag`
--

LOCK TABLES `article_tag` WRITE;
/*!40000 ALTER TABLE `article_tag` DISABLE KEYS */;
INSERT INTO `article_tag` VALUES (1,'django搭建个人博客',1),(2,'优美散文',1),(3,'搞笑文章',1),(4,'回忆录',1),(5,'诗歌',1),(6,'acm',1);
/*!40000 ALTER TABLE `article_tag` ENABLE KEYS */;
UNLOCK TABLES;

--
-- Table structure for table `article_userip`
--

DROP TABLE IF EXISTS `article_userip`;
/*!40101 SET @saved_cs_client     = @@character_set_client */;
/*!40101 SET character_set_client = utf8 */;
CREATE TABLE `article_userip` (
  `id` int(11) NOT NULL AUTO_INCREMENT,
  `ip` varchar(30) NOT NULL,
  `count` int(11) NOT NULL,
  PRIMARY KEY (`id`)
) ENGINE=InnoDB AUTO_INCREMENT=2 DEFAULT CHARSET=utf8;
/*!40101 SET character_set_client = @saved_cs_client */;

--
-- Dumping data for table `article_userip`
--

LOCK TABLES `article_userip` WRITE;
/*!40000 ALTER TABLE `article_userip` DISABLE KEYS */;
INSERT INTO `article_userip` VALUES (1,'127.0.0.1',178);
/*!40000 ALTER TABLE `article_userip` ENABLE KEYS */;
UNLOCK TABLES;

--
-- Table structure for table `article_visitnumber`
--

DROP TABLE IF EXISTS `article_visitnumber`;
/*!40101 SET @saved_cs_client     = @@character_set_client */;
/*!40101 SET character_set_client = utf8 */;
CREATE TABLE `article_visitnumber` (
  `id` int(11) NOT NULL AUTO_INCREMENT,
  `count` int(11) NOT NULL,
  PRIMARY KEY (`id`)
) ENGINE=InnoDB AUTO_INCREMENT=3 DEFAULT CHARSET=utf8;
/*!40101 SET character_set_client = @saved_cs_client */;

--
-- Dumping data for table `article_visitnumber`
--

LOCK TABLES `article_visitnumber` WRITE;
/*!40000 ALTER TABLE `article_visitnumber` DISABLE KEYS */;
INSERT INTO `article_visitnumber` VALUES (2,178);
/*!40000 ALTER TABLE `article_visitnumber` ENABLE KEYS */;
UNLOCK TABLES;

--
-- Table structure for table `auth_group`
--

DROP TABLE IF EXISTS `auth_group`;
/*!40101 SET @saved_cs_client     = @@character_set_client */;
/*!40101 SET character_set_client = utf8 */;
CREATE TABLE `auth_group` (
  `id` int(11) NOT NULL AUTO_INCREMENT,
  `name` varchar(80) NOT NULL,
  PRIMARY KEY (`id`),
  UNIQUE KEY `name` (`name`)
) ENGINE=InnoDB DEFAULT CHARSET=utf8;
/*!40101 SET character_set_client = @saved_cs_client */;

--
-- Dumping data for table `auth_group`
--

LOCK TABLES `auth_group` WRITE;
/*!40000 ALTER TABLE `auth_group` DISABLE KEYS */;
/*!40000 ALTER TABLE `auth_group` ENABLE KEYS */;
UNLOCK TABLES;

--
-- Table structure for table `auth_group_permissions`
--

DROP TABLE IF EXISTS `auth_group_permissions`;
/*!40101 SET @saved_cs_client     = @@character_set_client */;
/*!40101 SET character_set_client = utf8 */;
CREATE TABLE `auth_group_permissions` (
  `id` int(11) NOT NULL AUTO_INCREMENT,
  `group_id` int(11) NOT NULL,
  `permission_id` int(11) NOT NULL,
  PRIMARY KEY (`id`),
  UNIQUE KEY `auth_group_permissions_group_id_permission_id_0cd325b0_uniq` (`group_id`,`permission_id`),
  KEY `auth_group_permissio_permission_id_84c5c92e_fk_auth_perm` (`permission_id`),
  CONSTRAINT `auth_group_permissio_permission_id_84c5c92e_fk_auth_perm` FOREIGN KEY (`permission_id`) REFERENCES `auth_permission` (`id`),
  CONSTRAINT `auth_group_permissions_group_id_b120cbf9_fk_auth_group_id` FOREIGN KEY (`group_id`) REFERENCES `auth_group` (`id`)
) ENGINE=InnoDB DEFAULT CHARSET=utf8;
/*!40101 SET character_set_client = @saved_cs_client */;

--
-- Dumping data for table `auth_group_permissions`
--

LOCK TABLES `auth_group_permissions` WRITE;
/*!40000 ALTER TABLE `auth_group_permissions` DISABLE KEYS */;
/*!40000 ALTER TABLE `auth_group_permissions` ENABLE KEYS */;
UNLOCK TABLES;

--
-- Table structure for table `auth_permission`
--

DROP TABLE IF EXISTS `auth_permission`;
/*!40101 SET @saved_cs_client     = @@character_set_client */;
/*!40101 SET character_set_client = utf8 */;
CREATE TABLE `auth_permission` (
  `id` int(11) NOT NULL AUTO_INCREMENT,
  `name` varchar(255) NOT NULL,
  `content_type_id` int(11) NOT NULL,
  `codename` varchar(100) NOT NULL,
  PRIMARY KEY (`id`),
  UNIQUE KEY `auth_permission_content_type_id_codename_01ab375a_uniq` (`content_type_id`,`codename`),
  CONSTRAINT `auth_permission_content_type_id_2f476e4b_fk_django_co` FOREIGN KEY (`content_type_id`) REFERENCES `django_content_type` (`id`)
) ENGINE=InnoDB AUTO_INCREMENT=37 DEFAULT CHARSET=utf8;
/*!40101 SET character_set_client = @saved_cs_client */;

--
-- Dumping data for table `auth_permission`
--

LOCK TABLES `auth_permission` WRITE;
/*!40000 ALTER TABLE `auth_permission` DISABLE KEYS */;
INSERT INTO `auth_permission` VALUES (1,'Can add log entry',1,'add_logentry'),(2,'Can change log entry',1,'change_logentry'),(3,'Can delete log entry',1,'delete_logentry'),(4,'Can add user',2,'add_user'),(5,'Can change user',2,'change_user'),(6,'Can delete user',2,'delete_user'),(7,'Can add permission',3,'add_permission'),(8,'Can change permission',3,'change_permission'),(9,'Can delete permission',3,'delete_permission'),(10,'Can add group',4,'add_group'),(11,'Can change group',4,'change_group'),(12,'Can delete group',4,'delete_group'),(13,'Can add content type',5,'add_contenttype'),(14,'Can change content type',5,'change_contenttype'),(15,'Can delete content type',5,'delete_contenttype'),(16,'Can add session',6,'add_session'),(17,'Can change session',6,'change_session'),(18,'Can delete session',6,'delete_session'),(19,'Can add 我的博客',7,'add_article'),(20,'Can change 我的博客',7,'change_article'),(21,'Can delete 我的博客',7,'delete_article'),(22,'Can add 文章类别',8,'add_category'),(23,'Can change 文章类别',8,'change_category'),(24,'Can delete 文章类别',8,'delete_category'),(25,'Can add 文章标签',9,'add_tag'),(26,'Can change 文章标签',9,'change_tag'),(27,'Can delete 文章标签',9,'delete_tag'),(28,'Can add site',10,'add_site'),(29,'Can change site',10,'change_site'),(30,'Can delete site',10,'delete_site'),(31,'Can add userip',11,'add_userip'),(32,'Can change userip',11,'change_userip'),(33,'Can delete userip',11,'delete_userip'),(34,'Can add visit number',12,'add_visitnumber'),(35,'Can change visit number',12,'change_visitnumber'),(36,'Can delete visit number',12,'delete_visitnumber');
/*!40000 ALTER TABLE `auth_permission` ENABLE KEYS */;
UNLOCK TABLES;

--
-- Table structure for table `auth_user`
--

DROP TABLE IF EXISTS `auth_user`;
/*!40101 SET @saved_cs_client     = @@character_set_client */;
/*!40101 SET character_set_client = utf8 */;
CREATE TABLE `auth_user` (
  `id` int(11) NOT NULL AUTO_INCREMENT,
  `password` varchar(128) NOT NULL,
  `last_login` datetime(6) DEFAULT NULL,
  `is_superuser` tinyint(1) NOT NULL,
  `username` varchar(150) NOT NULL,
  `first_name` varchar(30) NOT NULL,
  `last_name` varchar(150) NOT NULL,
  `email` varchar(254) NOT NULL,
  `is_staff` tinyint(1) NOT NULL,
  `is_active` tinyint(1) NOT NULL,
  `date_joined` datetime(6) NOT NULL,
  PRIMARY KEY (`id`),
  UNIQUE KEY `username` (`username`)
) ENGINE=InnoDB AUTO_INCREMENT=2 DEFAULT CHARSET=utf8;
/*!40101 SET character_set_client = @saved_cs_client */;

--
-- Dumping data for table `auth_user`
--

LOCK TABLES `auth_user` WRITE;
/*!40000 ALTER TABLE `auth_user` DISABLE KEYS */;
INSERT INTO `auth_user` VALUES (1,'pbkdf2_sha256$100000$UNmMaiB8AOgc$+rfigIRlL+NnprqC9FkCKJb3mlg5WxKmgyvPVHYHKk8=','2018-07-26 17:23:46.379403',1,'shihao','','','',1,1,'2018-07-14 17:00:11.895316');
/*!40000 ALTER TABLE `auth_user` ENABLE KEYS */;
UNLOCK TABLES;

--
-- Table structure for table `auth_user_groups`
--

DROP TABLE IF EXISTS `auth_user_groups`;
/*!40101 SET @saved_cs_client     = @@character_set_client */;
/*!40101 SET character_set_client = utf8 */;
CREATE TABLE `auth_user_groups` (
  `id` int(11) NOT NULL AUTO_INCREMENT,
  `user_id` int(11) NOT NULL,
  `group_id` int(11) NOT NULL,
  PRIMARY KEY (`id`),
  UNIQUE KEY `auth_user_groups_user_id_group_id_94350c0c_uniq` (`user_id`,`group_id`),
  KEY `auth_user_groups_group_id_97559544_fk_auth_group_id` (`group_id`),
  CONSTRAINT `auth_user_groups_group_id_97559544_fk_auth_group_id` FOREIGN KEY (`group_id`) REFERENCES `auth_group` (`id`),
  CONSTRAINT `auth_user_groups_user_id_6a12ed8b_fk_auth_user_id` FOREIGN KEY (`user_id`) REFERENCES `auth_user` (`id`)
) ENGINE=InnoDB DEFAULT CHARSET=utf8;
/*!40101 SET character_set_client = @saved_cs_client */;

--
-- Dumping data for table `auth_user_groups`
--

LOCK TABLES `auth_user_groups` WRITE;
/*!40000 ALTER TABLE `auth_user_groups` DISABLE KEYS */;
/*!40000 ALTER TABLE `auth_user_groups` ENABLE KEYS */;
UNLOCK TABLES;

--
-- Table structure for table `auth_user_user_permissions`
--

DROP TABLE IF EXISTS `auth_user_user_permissions`;
/*!40101 SET @saved_cs_client     = @@character_set_client */;
/*!40101 SET character_set_client = utf8 */;
CREATE TABLE `auth_user_user_permissions` (
  `id` int(11) NOT NULL AUTO_INCREMENT,
  `user_id` int(11) NOT NULL,
  `permission_id` int(11) NOT NULL,
  PRIMARY KEY (`id`),
  UNIQUE KEY `auth_user_user_permissions_user_id_permission_id_14a6b632_uniq` (`user_id`,`permission_id`),
  KEY `auth_user_user_permi_permission_id_1fbb5f2c_fk_auth_perm` (`permission_id`),
  CONSTRAINT `auth_user_user_permi_permission_id_1fbb5f2c_fk_auth_perm` FOREIGN KEY (`permission_id`) REFERENCES `auth_permission` (`id`),
  CONSTRAINT `auth_user_user_permissions_user_id_a95ead1b_fk_auth_user_id` FOREIGN KEY (`user_id`) REFERENCES `auth_user` (`id`)
) ENGINE=InnoDB DEFAULT CHARSET=utf8;
/*!40101 SET character_set_client = @saved_cs_client */;

--
-- Dumping data for table `auth_user_user_permissions`
--

LOCK TABLES `auth_user_user_permissions` WRITE;
/*!40000 ALTER TABLE `auth_user_user_permissions` DISABLE KEYS */;
/*!40000 ALTER TABLE `auth_user_user_permissions` ENABLE KEYS */;
UNLOCK TABLES;

--
-- Table structure for table `django_admin_log`
--

DROP TABLE IF EXISTS `django_admin_log`;
/*!40101 SET @saved_cs_client     = @@character_set_client */;
/*!40101 SET character_set_client = utf8 */;
CREATE TABLE `django_admin_log` (
  `id` int(11) NOT NULL AUTO_INCREMENT,
  `action_time` datetime(6) NOT NULL,
  `object_id` longtext,
  `object_repr` varchar(200) NOT NULL,
  `action_flag` smallint(5) unsigned NOT NULL,
  `change_message` longtext NOT NULL,
  `content_type_id` int(11) DEFAULT NULL,
  `user_id` int(11) NOT NULL,
  PRIMARY KEY (`id`),
  KEY `django_admin_log_content_type_id_c4bce8eb_fk_django_co` (`content_type_id`),
  KEY `django_admin_log_user_id_c564eba6_fk_auth_user_id` (`user_id`),
  CONSTRAINT `django_admin_log_content_type_id_c4bce8eb_fk_django_co` FOREIGN KEY (`content_type_id`) REFERENCES `django_content_type` (`id`),
  CONSTRAINT `django_admin_log_user_id_c564eba6_fk_auth_user_id` FOREIGN KEY (`user_id`) REFERENCES `auth_user` (`id`)
) ENGINE=InnoDB AUTO_INCREMENT=44 DEFAULT CHARSET=utf8;
/*!40101 SET character_set_client = @saved_cs_client */;

--
-- Dumping data for table `django_admin_log`
--

LOCK TABLES `django_admin_log` WRITE;
/*!40000 ALTER TABLE `django_admin_log` DISABLE KEYS */;
INSERT INTO `django_admin_log` VALUES (1,'2018-07-14 17:03:22.482457','1','django',1,'[{\"added\": {}}]',8,1),(2,'2018-07-14 17:03:46.421940','1','django搭建个人博客',1,'[{\"added\": {}}]',9,1),(3,'2018-07-14 17:03:51.668979','1','django admin定制（使用django-suit)',1,'[{\"added\": {}}]',7,1),(4,'2018-07-14 17:08:25.799895','2','Django2.0整合markdown编辑器并实现代码高亮',1,'[{\"added\": {}}]',7,1),(5,'2018-07-14 17:08:52.937181','2','美文',1,'[{\"added\": {}}]',8,1),(6,'2018-07-14 17:09:13.340029','2','优美散文',1,'[{\"added\": {}}]',9,1),(7,'2018-07-14 17:09:15.100825','3','关于你，我有太多东西关于你',1,'[{\"added\": {}}]',7,1),(8,'2018-07-14 17:09:47.172842','4','我的幸福刚刚好',1,'[{\"added\": {}}]',7,1),(9,'2018-07-14 17:10:13.692129','5','爱若放手，祝福依旧',1,'[{\"added\": {}}]',7,1),(10,'2018-07-14 17:11:47.399005','3','搞笑文章',1,'[{\"added\": {}}]',8,1),(11,'2018-07-14 17:11:55.773021','3','搞笑文章',1,'[{\"added\": {}}]',9,1),(12,'2018-07-14 17:12:15.508450','6','笑一笑，十年少',1,'[{\"added\": {}}]',7,1),(13,'2018-07-14 17:12:44.499184','4','回忆录',1,'[{\"added\": {}}]',8,1),(14,'2018-07-14 17:12:54.996935','4','回忆录',1,'[{\"added\": {}}]',9,1),(15,'2018-07-14 17:13:05.803063','7','家乡的小河，你是一首流动的歌',1,'[{\"added\": {}}]',7,1),(16,'2018-07-14 17:17:27.609002','5','诗歌',1,'[{\"added\": {}}]',8,1),(17,'2018-07-14 17:17:38.166340','5','诗歌',1,'[{\"added\": {}}]',9,1),(18,'2018-07-14 17:17:43.243337','8','《英雄志》叶挽星',1,'[{\"added\": {}}]',7,1),(19,'2018-07-14 17:27:30.473482','4','回忆录',2,'[{\"changed\": {\"fields\": [\"lifeOrStudy\"]}}]',8,1),(20,'2018-07-14 17:27:35.845494','5','诗歌',2,'[{\"changed\": {\"fields\": [\"lifeOrStudy\"]}}]',8,1),(21,'2018-07-14 17:29:36.751721','6','acm',1,'[{\"added\": {}}]',8,1),(22,'2018-07-14 17:29:44.640010','6','acm',1,'[{\"added\": {}}]',9,1),(23,'2018-07-14 17:29:50.798003','9','苹果',1,'[{\"added\": {}}]',7,1),(24,'2018-07-16 08:06:51.941529','10','从前',1,'[{\"added\": {}}]',7,1),(25,'2018-07-16 08:07:31.636727','11','慢慢才明白',1,'[{\"added\": {}}]',7,1),(26,'2018-07-16 08:07:50.104082','11','慢慢才明白',2,'[{\"changed\": {\"fields\": [\"pic\"]}}]',7,1),(27,'2018-07-17 17:50:42.202477','12','test',1,'[{\"added\": {}}]',7,1),(28,'2018-07-24 16:29:06.831662','11','慢慢才明白',2,'[{\"changed\": {\"fields\": [\"pic\"]}}]',7,1),(29,'2018-07-28 17:39:12.128690','13','个人网站优化',1,'[{\"added\": {}}]',7,1),(30,'2018-07-28 17:41:45.871424','14','test1111',1,'[{\"added\": {}}]',7,1),(31,'2018-07-28 18:57:15.563048','15','使用git报错：Failed to connect to 1',1,'[{\"added\": {}}]',7,1),(32,'2018-07-28 18:58:26.358226','16','修改linux下默认的python版本',1,'[{\"added\": {}}]',7,1),(33,'2018-07-28 19:57:20.772526','16','修改linux下默认的python版本',2,'[{\"changed\": {\"fields\": [\"content\"]}}]',7,1),(34,'2018-07-28 19:57:45.651609','16','修改linux下默认的python版本',2,'[{\"changed\": {\"fields\": [\"content\"]}}]',7,1),(35,'2018-07-28 19:57:55.483093','16','修改linux下默认的python版本',2,'[{\"changed\": {\"fields\": [\"content\"]}}]',7,1),(36,'2018-07-29 15:11:12.902544','14','test1111',2,'[{\"changed\": {\"fields\": [\"isShow\"]}}]',7,1),(37,'2018-07-29 15:14:46.804618','12','test',2,'[{\"changed\": {\"fields\": [\"isShow\"]}}]',7,1),(38,'2018-07-29 16:32:20.048703','16','修改linux下默认的python版本',2,'[]',7,1),(39,'2018-07-29 16:32:28.717036','16','修改linux下默认的python版本',2,'[{\"changed\": {\"fields\": [\"clickNums\"]}}]',7,1),(40,'2018-07-29 16:33:37.086475','16','修改linux下默认的python版本',2,'[]',7,1),(41,'2018-07-29 16:46:22.932730','2','0',1,'[{\"added\": {}}]',12,1),(42,'2018-07-29 17:04:50.279885','3','0',1,'[{\"added\": {}}]',12,1),(43,'2018-07-29 17:05:00.138076','3','0',3,'',12,1);
/*!40000 ALTER TABLE `django_admin_log` ENABLE KEYS */;
UNLOCK TABLES;

--
-- Table structure for table `django_content_type`
--

DROP TABLE IF EXISTS `django_content_type`;
/*!40101 SET @saved_cs_client     = @@character_set_client */;
/*!40101 SET character_set_client = utf8 */;
CREATE TABLE `django_content_type` (
  `id` int(11) NOT NULL AUTO_INCREMENT,
  `app_label` varchar(100) NOT NULL,
  `model` varchar(100) NOT NULL,
  PRIMARY KEY (`id`),
  UNIQUE KEY `django_content_type_app_label_model_76bd3d3b_uniq` (`app_label`,`model`)
) ENGINE=InnoDB AUTO_INCREMENT=13 DEFAULT CHARSET=utf8;
/*!40101 SET character_set_client = @saved_cs_client */;

--
-- Dumping data for table `django_content_type`
--

LOCK TABLES `django_content_type` WRITE;
/*!40000 ALTER TABLE `django_content_type` DISABLE KEYS */;
INSERT INTO `django_content_type` VALUES (1,'admin','logentry'),(7,'article','article'),(8,'article','category'),(9,'article','tag'),(11,'article','userip'),(12,'article','visitnumber'),(4,'auth','group'),(3,'auth','permission'),(2,'auth','user'),(5,'contenttypes','contenttype'),(6,'sessions','session'),(10,'sites','site');
/*!40000 ALTER TABLE `django_content_type` ENABLE KEYS */;
UNLOCK TABLES;

--
-- Table structure for table `django_migrations`
--

DROP TABLE IF EXISTS `django_migrations`;
/*!40101 SET @saved_cs_client     = @@character_set_client */;
/*!40101 SET character_set_client = utf8 */;
CREATE TABLE `django_migrations` (
  `id` int(11) NOT NULL AUTO_INCREMENT,
  `app` varchar(255) NOT NULL,
  `name` varchar(255) NOT NULL,
  `applied` datetime(6) NOT NULL,
  PRIMARY KEY (`id`)
) ENGINE=InnoDB AUTO_INCREMENT=21 DEFAULT CHARSET=utf8;
/*!40101 SET character_set_client = @saved_cs_client */;

--
-- Dumping data for table `django_migrations`
--

LOCK TABLES `django_migrations` WRITE;
/*!40000 ALTER TABLE `django_migrations` DISABLE KEYS */;
INSERT INTO `django_migrations` VALUES (1,'contenttypes','0001_initial','2018-07-14 16:59:45.647084'),(2,'auth','0001_initial','2018-07-14 16:59:46.115589'),(3,'admin','0001_initial','2018-07-14 16:59:46.224189'),(4,'admin','0002_logentry_remove_auto_add','2018-07-14 16:59:46.237038'),(5,'article','0001_initial','2018-07-14 16:59:46.489225'),(6,'contenttypes','0002_remove_content_type_name','2018-07-14 16:59:46.573651'),(7,'auth','0002_alter_permission_name_max_length','2018-07-14 16:59:46.619746'),(8,'auth','0003_alter_user_email_max_length','2018-07-14 16:59:46.675549'),(9,'auth','0004_alter_user_username_opts','2018-07-14 16:59:46.693887'),(10,'auth','0005_alter_user_last_login_null','2018-07-14 16:59:46.732814'),(11,'auth','0006_require_contenttypes_0002','2018-07-14 16:59:46.736448'),(12,'auth','0007_alter_validators_add_error_messages','2018-07-14 16:59:46.754158'),(13,'auth','0008_alter_user_username_max_length','2018-07-14 16:59:46.799716'),(14,'auth','0009_alter_user_last_name_max_length','2018-07-14 16:59:46.847992'),(15,'sessions','0001_initial','2018-07-14 16:59:46.884195'),(16,'sites','0001_initial','2018-07-28 12:54:08.128064'),(17,'sites','0002_alter_domain_unique','2018-07-28 12:54:08.250755'),(18,'article','0002_article_sites','2018-07-28 13:25:15.779501'),(19,'article','0003_userip_visitnumber','2018-07-29 16:40:32.250153'),(20,'article','0004_auto_20180730_1317','2018-07-30 13:17:31.212865');
/*!40000 ALTER TABLE `django_migrations` ENABLE KEYS */;
UNLOCK TABLES;

--
-- Table structure for table `django_session`
--

DROP TABLE IF EXISTS `django_session`;
/*!40101 SET @saved_cs_client     = @@character_set_client */;
/*!40101 SET character_set_client = utf8 */;
CREATE TABLE `django_session` (
  `session_key` varchar(40) NOT NULL,
  `session_data` longtext NOT NULL,
  `expire_date` datetime(6) NOT NULL,
  PRIMARY KEY (`session_key`),
  KEY `django_session_expire_date_a5c62663` (`expire_date`)
) ENGINE=InnoDB DEFAULT CHARSET=utf8;
/*!40101 SET character_set_client = @saved_cs_client */;

--
-- Dumping data for table `django_session`
--

LOCK TABLES `django_session` WRITE;
/*!40000 ALTER TABLE `django_session` DISABLE KEYS */;
INSERT INTO `django_session` VALUES ('dj4nw7ye4m5dt87u2sxjzu4787qy58mi','ODIxMGM4NzBmYWU4ZDQwMDRjZGM3MGNlOTM2MTUyZWE4N2I0OTVhMTp7Il9hdXRoX3VzZXJfaGFzaCI6IjAzOWU4NDEyNDI3Mzc3ZGMwZGRhY2UyYTkwNzIwYzEyYjIzZjg5MjIiLCJfYXV0aF91c2VyX2JhY2tlbmQiOiJkamFuZ28uY29udHJpYi5hdXRoLmJhY2tlbmRzLk1vZGVsQmFja2VuZCIsIl9hdXRoX3VzZXJfaWQiOiIxIn0=','2018-07-28 17:00:18.637412'),('m570icbvvp4258y0tncicxeflgi889ju','ZjRmOGE4NmEzYWJhM2E5YmJhZjYzMmMxOGVlN2FiMzYyYmFjMzZjMTp7Il9hdXRoX3VzZXJfaWQiOiIxIiwiX2F1dGhfdXNlcl9oYXNoIjoiMDM5ZTg0MTI0MjczNzdkYzBkZGFjZTJhOTA3MjBjMTJiMjNmODkyMiIsIl9hdXRoX3VzZXJfYmFja2VuZCI6ImRqYW5nby5jb250cmliLmF1dGguYmFja2VuZHMuTW9kZWxCYWNrZW5kIn0=','2018-08-07 16:28:37.492957'),('wm89veji174gkkbk48eooxuippcxbqup','YjI2ZWU3NWEzODgxNDcyZTg4ZDQ1YmNhODFlYzQ2MzY4NjVjN2JiNzp7Il9hdXRoX3VzZXJfaWQiOiIxIiwiX2F1dGhfdXNlcl9iYWNrZW5kIjoiZGphbmdvLmNvbnRyaWIuYXV0aC5iYWNrZW5kcy5Nb2RlbEJhY2tlbmQiLCJfYXV0aF91c2VyX2hhc2giOiIwMzllODQxMjQyNzM3N2RjMGRkYWNlMmE5MDcyMGMxMmIyM2Y4OTIyIn0=','2018-08-09 17:23:46.383911');
/*!40000 ALTER TABLE `django_session` ENABLE KEYS */;
UNLOCK TABLES;

--
-- Table structure for table `django_site`
--

DROP TABLE IF EXISTS `django_site`;
/*!40101 SET @saved_cs_client     = @@character_set_client */;
/*!40101 SET character_set_client = utf8 */;
CREATE TABLE `django_site` (
  `id` int(11) NOT NULL AUTO_INCREMENT,
  `domain` varchar(100) NOT NULL,
  `name` varchar(50) NOT NULL,
  PRIMARY KEY (`id`),
  UNIQUE KEY `django_site_domain_a2e37b91_uniq` (`domain`)
) ENGINE=InnoDB AUTO_INCREMENT=2 DEFAULT CHARSET=utf8;
/*!40101 SET character_set_client = @saved_cs_client */;

--
-- Dumping data for table `django_site`
--

LOCK TABLES `django_site` WRITE;
/*!40000 ALTER TABLE `django_site` DISABLE KEYS */;
INSERT INTO `django_site` VALUES (1,'example.com','example.com');
/*!40000 ALTER TABLE `django_site` ENABLE KEYS */;
UNLOCK TABLES;
/*!40103 SET TIME_ZONE=@OLD_TIME_ZONE */;

/*!40101 SET SQL_MODE=@OLD_SQL_MODE */;
/*!40014 SET FOREIGN_KEY_CHECKS=@OLD_FOREIGN_KEY_CHECKS */;
/*!40014 SET UNIQUE_CHECKS=@OLD_UNIQUE_CHECKS */;
/*!40101 SET CHARACTER_SET_CLIENT=@OLD_CHARACTER_SET_CLIENT */;
/*!40101 SET CHARACTER_SET_RESULTS=@OLD_CHARACTER_SET_RESULTS */;
/*!40101 SET COLLATION_CONNECTION=@OLD_COLLATION_CONNECTION */;
/*!40111 SET SQL_NOTES=@OLD_SQL_NOTES */;

-- Dump completed on 2018-08-15 10:35:56
